연도,순위,선수명,팀명,AVG,G,PA,AB,R,H,2B,3B,HR,TB,RBI,SAC,SF,BB,IBB,HBP,SO,GDP,SLG,OBP,OPS,MH,RISP,PH-BA,XBH,GO,AO,GO/AO,GW RBI,BB/K,P/PA,ISOP,XR,GPA,팀순위,경기수,팀승수,팀패수,팀무승부수,팀승률,팀게임차,출생연도,투구유형,타격유형,포지션
2018,9,유한준,KT,0.339,121,480,428,59,145,21,1,20,228,83,2,1,47,3,2,53,9,0.533,0.406,0.939,46,0.385,0.1,42,109,122,0.89,9,0.89,3.86,0.194,83.9,0.316,9,144,59,82,3,0.418,32.5,1981.0,우투,우타,외야수
2018,30,로하스,KT,0.305,144,645,564,114,172,30,1,43,333,114,1,2,71,4,7,142,10,0.59,0.388,0.978,50,0.322,0.0,74,130,122,1.07,9,0.5,4.06,0.285,119.5,0.322,9,144,59,82,3,0.418,32.5,1990.0,우투,양타,외야수
2018,29,호잉,한화,0.306,142,590,529,85,162,47,2,30,303,110,0,5,51,10,5,93,5,0.573,0.369,0.942,43,0.335,0.5,79,104,175,0.59,14,0.55,3.88,0.267,106.2,0.309,3,144,77,67,0,0.535,16.0,1989.0,우투,좌타,외야수
2018,28,버나디나,KIA,0.31,131,590,513,106,159,25,3,20,250,70,3,1,63,3,10,103,9,0.487,0.395,0.882,40,0.29,0.0,48,135,117,1.15,7,0.61,3.75,0.177,96.0,0.3,5,144,70,74,0,0.486,23.0,1984.0,좌투,좌타,외야수
2018,27,김재호,두산,0.311,131,467,402,78,125,20,0,16,193,75,3,6,52,1,4,77,12,0.48,0.39,0.87,32,0.35,0.5,36,81,125,0.65,7,0.68,4.0,0.169,73.7,0.296,1,144,93,51,0,0.646,0.0,1985.0,우투,우타,내야수
2018,26,노수광,SK,0.313,135,588,515,93,161,21,8,8,222,53,9,3,48,0,13,86,3,0.431,0.383,0.814,50,0.316,0.667,37,133,138,0.96,7,0.56,3.94,0.118,88.7,0.28,2,144,78,65,1,0.545,14.5,1990.0,우투,좌타,외야수
2018,25,오재원,두산,0.313,132,521,473,78,148,24,1,15,219,81,3,2,41,0,2,119,13,0.463,0.369,0.832,35,0.338,0.0,40,119,89,1.34,11,0.34,3.89,0.15,75.2,0.282,1,144,93,51,0,0.646,0.0,1985.0,우투,좌타,내야수
2018,24,이형종,LG,0.316,118,485,437,83,138,27,0,13,204,42,5,0,31,0,12,82,6,0.467,0.377,0.844,37,0.292,0.364,40,112,105,1.07,5,0.38,3.72,0.151,72.0,0.286,8,144,68,75,1,0.476,24.5,1989.0,우투,우타,외야수
2018,23,로맥,SK,0.316,141,616,528,102,167,19,0,43,315,107,0,6,72,0,10,123,7,0.597,0.404,1.001,48,0.297,0.0,62,97,147,0.66,10,0.59,4.03,0.28,122.3,0.331,2,144,78,65,1,0.545,14.5,1985.0,우투,우타,내야수
2018,21,나성범,NC,0.318,144,620,556,110,177,36,3,23,288,91,0,5,44,4,15,131,11,0.518,0.381,0.899,53,0.319,0.0,62,146,107,1.36,12,0.34,3.74,0.2,104.0,0.301,10,144,58,85,1,0.406,34.5,1989.0,좌투,좌타,외야수
2018,20,박민우,NC,0.324,115,460,411,68,133,22,5,5,180,33,3,4,32,3,10,51,4,0.438,0.383,0.821,34,0.362,0.667,32,134,97,1.38,2,0.63,3.85,0.114,68.9,0.282,10,144,58,85,1,0.406,34.5,1993.0,우투,좌타,내야수
2018,19,허경민,두산,0.324,133,577,516,85,167,30,5,10,237,79,5,8,32,0,16,52,15,0.459,0.376,0.835,48,0.35,0.25,45,152,153,0.99,8,0.62,3.7,0.136,86.6,0.284,1,144,93,51,0,0.646,0.0,1990.0,우투,우타,내야수
2018,18,박건우,두산,0.326,125,529,488,79,159,24,6,12,231,84,1,2,28,1,10,65,14,0.473,0.373,0.846,47,0.373,0.5,42,126,140,0.9,11,0.43,3.49,0.148,77.9,0.286,1,144,93,51,0,0.646,0.0,1990.0,우투,우타,외야수
2018,17,손아섭,롯데,0.329,141,625,553,109,182,32,5,26,302,93,1,1,68,1,2,99,15,0.546,0.404,0.95,55,0.36,0.333,63,182,91,2.0,9,0.69,3.99,0.217,112.2,0.318,7,144,68,74,2,0.479,24.0,1988.0,우투,좌타,외야수
2018,31,박용택,LG,0.303,134,583,524,89,159,38,1,15,244,76,0,7,47,0,5,107,21,0.466,0.362,0.828,48,0.285,0.667,54,128,137,0.93,10,0.44,3.9,0.162,80.9,0.279,8,144,68,75,1,0.476,24.5,1979.0,우투,좌타,외야수
2018,16,이재원,SK,0.329,130,471,407,63,134,24,0,17,209,57,4,5,43,0,12,65,13,0.514,0.405,0.919,40,0.308,0.4,41,106,107,0.99,2,0.66,3.98,0.184,79.1,0.311,2,144,78,65,1,0.545,14.5,1988.0,우투,우타,내야수
2018,14,채은성,LG,0.331,139,578,529,78,175,36,2,25,290,119,0,5,35,1,9,97,12,0.548,0.379,0.927,54,0.362,0.0,63,130,132,0.98,7,0.36,3.74,0.217,99.9,0.308,8,144,68,75,1,0.476,24.5,1990.0,우투,우타,내야수
2018,13,구자욱,삼성,0.333,116,529,478,100,159,26,5,20,255,84,1,2,43,2,5,110,4,0.533,0.392,0.925,50,0.378,0.0,51,94,117,0.8,9,0.39,4.05,0.201,94.4,0.31,6,144,68,72,4,0.486,23.0,1993.0,우투,좌타,내야수
2018,11,이대호,롯데,0.333,144,604,543,81,181,30,0,37,322,125,0,4,43,7,14,75,18,0.593,0.394,0.987,55,0.307,0.444,67,130,161,0.81,17,0.57,3.66,0.26,112.0,0.326,7,144,68,74,2,0.479,24.0,1982.0,우투,우타,내야수
2018,11,최주환,두산,0.333,138,590,519,87,173,39,6,26,302,108,0,10,51,1,10,89,5,0.582,0.397,0.979,50,0.368,0.25,71,103,164,0.63,13,0.57,4.17,0.249,113.6,0.324,1,144,93,51,0,0.646,0.0,1988.0,우투,좌타,내야수
2018,7,김주찬,KIA,0.34,121,471,429,71,146,23,0,18,223,93,2,10,23,5,7,57,15,0.52,0.375,0.895,42,0.361,0.333,41,108,128,0.84,8,0.4,3.3,0.179,78.2,0.299,5,144,70,74,0,0.486,23.0,1981.0,우투,우타,외야수
2018,6,전준우,롯데,0.342,144,614,556,118,190,36,2,33,329,90,1,2,48,1,7,82,12,0.592,0.4,0.992,59,0.379,0.3,71,146,140,1.04,4,0.59,3.78,0.25,115.4,0.328,7,144,68,74,2,0.479,24.0,1986.0,우투,우타,외야수
2018,5,안치홍,KIA,0.342,130,549,494,88,169,38,1,23,278,118,0,9,36,1,10,57,13,0.563,0.392,0.955,53,0.403,0.333,62,113,164,0.69,15,0.63,3.43,0.221,100.0,0.317,5,144,70,74,0,0.486,23.0,1990.0,우투,우타,내야수
2018,4,박병호,넥센,0.345,113,488,400,88,138,20,0,43,287,112,0,3,68,10,17,114,9,0.718,0.457,1.175,46,0.312,0.333,63,73,78,0.94,9,0.6,4.12,0.373,114.8,0.385,4,144,75,69,0,0.521,18.0,1986.0,우투,우타,내야수
2018,3,이정후,넥센,0.355,109,520,459,81,163,34,2,6,219,57,3,8,42,3,8,58,5,0.477,0.412,0.889,46,0.37,0.0,42,114,132,0.86,4,0.72,3.75,0.122,87.3,0.305,4,144,75,69,0,0.521,18.0,1998.0,우투,좌타,외야수
2018,8,최형우,KIA,0.339,143,609,528,92,179,34,1,25,290,103,0,8,66,7,7,87,17,0.549,0.414,0.963,47,0.342,1.0,60,123,147,0.84,11,0.76,4.06,0.21,110.3,0.324,5,144,70,74,0,0.486,23.0,1984.0,우투,좌타,외야수
2018,2,양의지,두산,0.358,133,503,439,84,157,29,1,23,257,77,0,6,45,6,13,40,13,0.585,0.427,1.012,48,0.317,0.333,53,95,153,0.62,6,1.13,3.65,0.228,99.0,0.338,1,144,93,51,0,0.646,0.0,1987.0,우투,우타,내야수
2018,1,김현수,LG,0.362,117,511,453,95,164,39,2,20,267,101,0,10,47,6,1,61,9,0.589,0.415,1.004,48,0.419,0.0,61,136,102,1.33,8,0.77,3.66,0.227,99.3,0.334,8,144,68,75,1,0.476,24.5,1988.0,우투,좌타,외야수
2018,10,김재환,두산,0.334,139,602,527,104,176,36,1,44,346,133,0,7,59,4,9,134,6,0.657,0.405,1.062,51,0.295,1.0,81,102,122,0.84,16,0.44,3.83,0.323,128.6,0.347,1,144,93,51,0,0.646,0.0,1988.0,우투,좌타,외야수
2018,15,러프,삼성,0.33,137,597,506,97,167,32,4,33,306,125,0,8,65,0,18,107,17,0.605,0.419,1.024,52,0.366,0.0,69,114,126,0.9,9,0.61,4.12,0.275,117.2,0.34,6,144,68,72,4,0.486,23.0,1986.0,우투,우타,내야수
2018,32,이명기,KIA,0.302,120,502,447,88,135,28,6,4,187,42,11,1,40,3,3,64,5,0.418,0.363,0.781,41,0.246,0.0,38,162,87,1.86,2,0.63,3.8,0.116,65.9,0.268,5,144,70,74,0,0.486,23.0,1987.0,좌투,좌타,외야수
2018,22,민병헌,롯데,0.318,118,494,443,74,141,21,0,17,213,66,2,6,35,3,8,68,10,0.481,0.374,0.855,45,0.283,0.25,38,117,123,0.95,8,0.51,3.59,0.163,76.4,0.289,7,144,68,74,2,0.479,24.0,1987.0,우투,우타,외야수
2018,34,김헌곤,삼성,0.3,141,586,513,77,154,26,2,11,217,71,5,4,54,1,10,70,13,0.423,0.375,0.798,46,0.319,0.0,39,162,131,1.24,4,0.77,3.91,0.123,80.9,0.275,6,144,68,72,4,0.486,23.0,1988.0,우투,우타,외야수
2018,62,최정,SK,0.244,115,489,406,95,99,16,1,35,222,74,0,2,58,2,23,129,10,0.547,0.368,0.915,23,0.235,0.0,52,63,117,0.54,9,0.45,4.14,0.303,83.2,0.302,2,144,78,65,1,0.545,14.5,1987.0,우투,우타,내야수
2018,61,김동엽,SK,0.252,124,446,421,58,106,15,0,27,202,76,1,3,17,0,4,108,13,0.48,0.285,0.765,26,0.33,0.286,42,98,112,0.88,10,0.16,3.71,0.228,57.3,0.248,2,144,78,65,1,0.545,14.5,1990.0,우투,우타,내야수
2018,60,하주석,한화,0.254,141,517,484,67,123,20,3,9,176,52,1,0,28,0,4,130,7,0.364,0.3,0.664,31,0.267,1.0,32,145,86,1.69,7,0.22,3.69,0.11,49.5,0.226,3,144,77,67,0,0.535,16.0,1994.0,우투,좌타,내야수
2018,59,스크럭스,NC,0.257,142,571,501,75,129,35,0,26,242,97,0,3,55,2,12,144,14,0.483,0.343,0.826,29,0.303,0.0,61,102,129,0.79,5,0.38,3.89,0.226,80.4,0.275,10,144,58,85,1,0.406,34.5,1987.0,우투,우타,내야수
2018,33,이원석,삼성,0.301,128,543,479,74,144,30,1,20,236,93,0,5,52,1,7,103,10,0.493,0.374,0.867,39,0.302,0.0,51,98,139,0.71,5,0.5,4.05,0.192,84.8,0.292,6,144,68,72,4,0.486,23.0,1986.0,우투,우타,내야수
2018,57,김상수,삼성,0.263,122,499,453,63,119,13,1,10,164,50,8,3,27,0,8,91,11,0.362,0.314,0.676,32,0.2,0.0,24,132,114,1.16,5,0.3,3.94,0.099,50.1,0.232,6,144,68,72,4,0.486,23.0,1990.0,우투,우타,내야수
2018,56,양석환,LG,0.263,140,519,483,53,127,27,0,22,220,82,1,5,24,0,6,81,9,0.455,0.303,0.758,32,0.31,0.143,49,100,180,0.56,9,0.3,4.0,0.193,65.9,0.25,8,144,68,75,1,0.476,24.5,1991.0,우투,우타,내야수
2018,55,번즈,롯데,0.268,133,505,462,80,124,34,5,23,237,64,1,0,33,2,9,133,8,0.513,0.329,0.842,34,0.23,0.0,62,96,109,0.88,5,0.25,3.71,0.245,73.8,0.276,7,144,68,74,2,0.479,24.0,1990.0,우투,우타,내야수
2018,54,강민호,삼성,0.269,129,477,427,46,115,14,0,22,195,71,0,7,29,5,14,96,11,0.457,0.331,0.788,32,0.225,0.273,36,122,101,1.21,10,0.3,3.68,0.187,65.1,0.263,6,144,68,72,4,0.486,23.0,1985.0,우투,우타,내야수
2018,53,김혜성,넥센,0.27,136,473,430,79,116,15,6,5,158,45,3,2,33,1,5,119,6,0.367,0.328,0.695,28,0.333,0.0,26,108,89,1.21,2,0.28,3.86,0.098,55.2,0.239,4,144,75,69,0,0.521,18.0,1999.0,우투,좌타,내야수
2018,52,윤석민,KT,0.276,132,509,460,58,127,22,0,19,206,60,2,3,40,2,4,69,17,0.448,0.337,0.785,28,0.22,0.6,41,132,135,0.98,3,0.58,3.78,0.172,65.8,0.264,9,144,59,82,3,0.418,32.5,1985.0,우투,우타,내야수
2018,51,김성현,SK,0.277,135,462,415,51,115,19,1,4,148,55,6,3,29,0,9,42,19,0.357,0.336,0.693,30,0.333,0.0,24,123,138,0.89,8,0.69,3.48,0.08,46.3,0.24,2,144,78,65,1,0.545,14.5,1987.0,우투,우타,내야수
2018,50,오지환,LG,0.278,144,617,533,93,148,26,2,11,211,71,12,6,59,3,7,146,6,0.396,0.354,0.75,40,0.357,0.0,39,120,125,0.96,6,0.4,4.01,0.118,78.2,0.258,8,144,68,75,1,0.476,24.5,1990.0,우투,좌타,내야수
2018,49,오재일,두산,0.279,123,477,401,69,112,19,2,27,216,80,0,10,60,2,6,121,3,0.539,0.373,0.912,29,0.215,0.0,48,57,121,0.47,6,0.5,3.98,0.259,84.4,0.303,1,144,93,51,0,0.646,0.0,1986.0,좌투,좌타,내야수
2018,58,박경수,KT,0.262,135,528,458,65,120,21,0,25,216,74,0,3,58,2,9,129,16,0.472,0.354,0.826,28,0.288,0.4,46,92,120,0.77,7,0.45,4.2,0.21,74.9,0.277,9,144,59,82,3,0.418,32.5,1984.0,우투,우타,내야수
2018,47,노진혁,NC,0.283,125,458,420,52,119,21,4,11,181,42,1,2,33,0,2,92,8,0.431,0.337,0.768,35,0.272,0.25,36,108,103,1.05,4,0.36,3.8,0.148,58.3,0.259,10,144,58,85,1,0.406,34.5,1989.0,우투,좌타,내야수
2018,48,김민성,넥센,0.283,128,465,413,46,117,24,0,10,171,45,1,5,40,3,6,80,6,0.414,0.351,0.765,24,0.231,0.471,34,78,143,0.55,3,0.5,4.0,0.131,61.1,0.261,4,144,75,69,0,0.521,18.0,1988.0,우투,우타,내야수
2018,36,송광민,한화,0.297,113,460,434,63,129,24,0,18,207,79,0,4,18,0,4,93,13,0.477,0.328,0.805,36,0.243,0.0,42,121,95,1.27,8,0.19,3.59,0.18,62.1,0.267,3,144,77,67,0,0.535,16.0,1983.0,우투,우타,내야수
2018,35,박해민,삼성,0.299,144,649,576,114,172,30,10,9,249,68,8,6,56,0,3,99,9,0.432,0.36,0.792,53,0.339,0.4,49,144,167,0.86,8,0.57,4.1,0.134,91.9,0.27,6,144,68,72,4,0.486,23.0,1990.0,우투,좌타,내야수
2018,38,황재균,KT,0.296,142,588,530,76,157,41,3,25,279,88,2,3,49,1,4,120,5,0.526,0.358,0.884,48,0.252,0.5,69,79,177,0.45,7,0.41,3.96,0.23,95.7,0.293,9,144,59,82,3,0.418,32.5,1987.0,우투,우타,내야수
2018,39,이성열,한화,0.295,131,528,485,76,143,21,1,34,268,102,1,2,35,3,5,143,9,0.553,0.347,0.9,34,0.283,0.6,56,113,88,1.28,8,0.24,3.9,0.258,86.9,0.294,3,144,77,67,0,0.535,16.0,1984.0,우투,좌타,외야수
2018,40,김선빈,KIA,0.295,127,492,424,73,125,17,2,4,158,49,6,5,48,1,9,42,10,0.373,0.374,0.747,33,0.304,0.25,23,142,120,1.18,3,1.14,3.78,0.078,61.9,0.262,5,144,70,74,0,0.486,23.0,1989.0,우투,우타,내야수
2018,37,유강남,LG,0.296,132,465,425,53,126,33,0,19,216,66,2,1,28,1,9,80,21,0.508,0.352,0.86,37,0.282,0.214,52,111,109,1.02,3,0.35,3.76,0.212,65.7,0.285,8,144,68,75,1,0.476,24.5,1992.0,우투,우타,내야수
2018,42,이용규,한화,0.293,134,575,491,82,144,14,1,1,163,36,8,5,59,0,12,62,8,0.332,0.379,0.711,44,0.327,0.0,16,162,128,1.27,2,0.95,4.03,0.039,70.1,0.254,3,144,77,67,0,0.535,16.0,1985.0,좌투,좌타,외야수
2018,43,임병욱,넥센,0.293,134,447,423,76,124,29,3,13,198,60,0,2,22,1,0,119,6,0.468,0.327,0.795,31,0.303,0.2,45,108,74,1.46,3,0.18,3.68,0.175,62.2,0.264,4,144,75,69,0,0.521,18.0,1995.0,우투,좌타,외야수
2018,44,강백호,KT,0.29,138,585,527,108,153,32,2,29,276,84,0,3,52,0,3,124,4,0.524,0.356,0.88,44,0.308,0.3,63,121,132,0.92,3,0.42,4.04,0.233,94.5,0.291,9,144,59,82,3,0.418,32.5,1999.0,우투,좌타,내야수
2018,45,김하성,넥센,0.288,129,576,511,95,147,27,4,20,242,84,1,5,54,2,5,81,16,0.474,0.358,0.832,43,0.239,0.5,51,98,190,0.52,14,0.67,3.94,0.186,83.6,0.28,4,144,75,69,0,0.521,18.0,1995.0,우투,우타,내야수
2018,46,한유섬,SK,0.284,136,562,486,97,138,31,0,41,292,115,0,8,52,3,16,124,10,0.601,0.367,0.968,40,0.286,0.444,72,94,138,0.68,14,0.42,4.21,0.317,104.2,0.315,2,144,78,65,1,0.545,14.5,1989.0,우투,좌타,외야수
2018,41,신본기,롯데,0.294,139,479,425,55,125,28,1,11,188,71,5,5,33,2,11,95,12,0.442,0.357,0.799,34,0.3,0.5,40,110,100,1.1,5,0.35,3.72,0.148,62.8,0.271,7,144,68,74,2,0.479,24.0,1989.0,우투,우타,내야수
2019,35,박세혁,두산,0.279,137,505,441,58,123,19,9,4,172,63,10,6,41,1,7,68,5,0.39,0.345,0.735,29,0.291,0.0,32,135,121,1.12,7,0.6,3.78,0.111,62.9,0.253,2,144,88,55,1,0.615,0.0,1990.0,우투,좌타,내야수
2019,36,로맥,SK,0.276,137,589,504,86,139,28,1,29,256,95,0,6,73,3,6,117,11,0.508,0.37,0.878,39,0.266,0.0,58,90,164,0.55,12,0.62,4.19,0.232,94.5,0.294,1,144,88,55,1,0.615,0.0,1985.0,우투,우타,내야수
2019,37,김상수,삼성,0.271,129,543,468,76,127,20,2,5,166,38,6,4,50,1,15,67,14,0.355,0.358,0.713,36,0.228,0.25,27,145,133,1.09,4,0.75,3.95,0.083,63.8,0.25,8,144,60,83,1,0.42,28.0,1990.0,우투,우타,내야수
2019,38,유강남,LG,0.27,132,468,418,44,113,22,0,16,183,49,1,6,30,2,13,82,21,0.438,0.334,0.772,25,0.21,0.273,38,115,114,1.01,8,0.37,3.86,0.167,56.8,0.26,4,144,79,64,1,0.552,9.0,1992.0,우투,우타,내야수
2019,39,김강민,SK,0.27,127,460,422,54,114,14,2,8,156,50,0,3,31,3,4,103,2,0.37,0.324,0.694,31,0.298,0.25,24,88,120,0.73,7,0.3,3.95,0.1,52.3,0.238,1,144,88,55,1,0.615,0.0,1982.0,우투,우타,외야수
2019,40,이창진,KIA,0.27,133,470,400,57,108,25,1,6,153,48,4,5,57,0,4,92,8,0.383,0.363,0.746,27,0.267,0.333,32,82,123,0.67,4,0.62,3.93,0.113,57.3,0.259,7,144,62,80,2,0.437,25.5,1991.0,우투,우타,외야수
2019,41,이재원,SK,0.268,139,502,451,33,121,19,0,12,176,75,1,7,34,2,9,59,16,0.39,0.327,0.717,29,0.303,0.364,31,137,141,0.97,10,0.58,3.57,0.122,57.1,0.245,1,144,88,55,1,0.615,0.0,1988.0,우투,우타,내야수
2019,42,김재호,두산,0.268,130,470,377,51,101,22,0,4,135,48,8,11,67,3,7,58,10,0.358,0.379,0.737,22,0.257,0.5,26,84,145,0.58,7,1.16,3.86,0.09,59.0,0.26,2,144,88,55,1,0.615,0.0,1985.0,우투,우타,내야수
2019,43,구자욱,삼성,0.267,122,526,475,66,127,27,6,15,211,71,0,6,38,2,7,88,5,0.444,0.327,0.771,32,0.302,0.5,48,110,156,0.71,9,0.43,3.65,0.177,71.3,0.258,8,144,60,83,1,0.42,28.0,1993.0,우투,좌타,내야수
2019,44,정수빈,두산,0.265,123,513,441,75,117,19,5,0,146,41,4,5,57,0,6,60,6,0.331,0.354,0.685,30,0.245,0.5,24,145,124,1.17,5,0.95,3.98,0.066,59.1,0.242,2,144,88,55,1,0.615,0.0,1990.0,좌투,좌타,외야수
2019,51,박경수,KT,0.247,137,490,421,43,104,24,0,10,158,65,4,6,55,1,4,102,14,0.375,0.335,0.71,24,0.281,0.154,34,88,133,0.66,8,0.54,3.93,0.128,54.2,0.245,6,144,71,71,2,0.5,16.5,1984.0,우투,우타,내야수
2019,47,정은원,한화,0.262,142,624,564,83,148,27,6,8,211,57,6,6,48,0,0,101,6,0.374,0.317,0.691,44,0.241,0.333,41,175,146,1.2,2,0.48,3.99,0.112,69.3,0.236,9,144,58,86,0,0.403,30.5,2000.0,우투,좌타,내야수
2019,48,박찬호,KIA,0.26,133,541,504,60,131,15,4,2,160,49,5,2,26,0,4,83,8,0.317,0.3,0.617,36,0.308,0.0,21,173,119,1.45,4,0.31,3.88,0.058,51.9,0.214,7,144,62,80,2,0.437,25.5,1973.0,우투,우타,내야수
2019,49,이성열,한화,0.256,129,476,414,60,106,21,1,21,192,85,1,4,48,1,9,114,7,0.464,0.343,0.807,25,0.314,0.077,43,110,88,1.25,12,0.42,3.81,0.208,67.6,0.27,9,144,58,86,0,0.403,30.5,1984.0,우투,좌타,외야수
2019,50,오지환,LG,0.252,134,547,473,63,119,23,5,9,179,53,7,3,57,1,7,113,7,0.378,0.339,0.717,32,0.256,0.0,37,122,122,1.0,8,0.5,4.11,0.127,66.7,0.247,4,144,79,64,1,0.552,9.0,1990.0,우투,좌타,내야수
2019,52,김성현,SK,0.246,144,472,426,45,105,16,2,1,128,34,8,3,33,0,2,43,15,0.3,0.302,0.602,24,0.216,0.0,19,148,133,1.11,3,0.77,3.47,0.054,37.0,0.211,1,144,88,55,1,0.615,0.0,1987.0,우투,우타,내야수
2019,53,이원석,삼성,0.246,111,455,395,44,97,20,0,19,174,76,2,7,43,0,8,73,10,0.441,0.327,0.768,24,0.304,0.0,39,87,145,0.6,4,0.59,4.0,0.195,59.7,0.257,8,144,60,83,1,0.42,28.0,1986.0,우투,우타,내야수
2019,54,박해민,삼성,0.239,144,581,506,64,121,16,7,5,166,44,12,3,58,0,2,82,4,0.328,0.318,0.646,34,0.239,0.143,28,152,154,0.99,2,0.71,4.1,0.089,59.8,0.225,8,144,60,83,1,0.42,28.0,1990.0,우투,좌타,내야수
2019,55,오선진,한화,0.224,122,453,392,37,88,16,0,3,113,36,10,3,38,0,10,72,8,0.288,0.307,0.595,22,0.263,0.0,19,111,124,0.9,5,0.53,3.92,0.064,37.9,0.21,9,144,58,86,0,0.403,30.5,1989.0,우투,우타,내야수
2019,34,박병호,키움,0.28,122,532,432,92,121,22,0,33,242,98,0,9,78,5,13,117,7,0.56,0.398,0.958,31,0.291,0.5,55,85,118,0.72,13,0.67,4.11,0.28,98.3,0.319,3,144,86,57,1,0.601,2.0,1986.0,우투,우타,내야수
2019,45,한유섬,SK,0.265,125,502,427,52,113,20,0,12,169,52,0,0,55,4,20,100,6,0.396,0.375,0.771,28,0.264,0.3,32,108,106,1.02,7,0.55,4.0,0.131,65.7,0.268,1,144,88,55,1,0.615,0.0,1989.0,우투,좌타,외야수
2019,33,김민혁,KT,0.281,127,521,466,68,131,10,1,0,143,32,5,5,32,0,13,61,8,0.307,0.341,0.648,36,0.257,0.4,11,163,116,1.41,6,0.52,3.6,0.026,52.8,0.23,6,144,71,71,2,0.5,16.5,1995.0,우투,좌타,외야수
2019,46,송광민,한화,0.264,122,486,454,50,120,21,0,7,162,51,3,5,21,0,3,91,18,0.357,0.298,0.655,35,0.261,0.333,28,128,120,1.07,2,0.23,3.39,0.093,44.7,0.223,9,144,58,86,0,0.403,30.5,1983.0,우투,우타,내야수
2019,31,황재균,KT,0.283,124,507,448,78,127,16,3,20,209,67,0,5,52,2,2,71,10,0.467,0.357,0.824,32,0.262,0.0,39,106,149,0.71,9,0.73,3.78,0.183,73.9,0.277,6,144,71,71,2,0.5,16.5,1987.0,우투,우타,내야수
2019,1,양의지,NC,0.354,118,459,390,61,138,26,0,20,224,68,0,6,48,4,15,43,13,0.574,0.438,1.012,43,0.364,0.167,46,86,129,0.67,4,1.12,3.74,0.221,88.7,0.341,5,144,73,69,2,0.514,14.5,1987.0,우투,우타,내야수
2019,2,페르난데스,두산,0.344,144,645,572,87,197,34,0,15,276,88,0,6,61,4,6,54,16,0.483,0.409,0.892,63,0.313,0.5,49,169,158,1.07,12,1.13,3.49,0.138,104.2,0.305,2,144,88,55,1,0.615,0.0,1988.0,우투,좌타,내야수
2019,3,박민우,NC,0.344,125,526,468,89,161,23,8,1,203,45,2,6,41,1,9,40,10,0.434,0.403,0.837,45,0.333,0.0,32,129,144,0.9,5,1.03,3.74,0.09,79.4,0.29,5,144,73,69,2,0.514,14.5,1993.0,우투,좌타,내야수
2019,4,이정후,키움,0.336,140,630,574,91,193,31,10,6,262,68,3,4,45,0,4,40,15,0.456,0.386,0.842,67,0.307,0.4,47,167,178,0.94,6,1.13,3.72,0.12,92.6,0.288,3,144,86,57,1,0.601,2.0,1998.0,우투,좌타,외야수
2019,5,강백호,KT,0.336,116,505,438,72,147,29,1,13,217,65,0,4,61,4,2,87,11,0.495,0.416,0.911,42,0.284,1.0,43,121,87,1.39,11,0.7,3.84,0.16,84.2,0.311,6,144,71,71,2,0.5,16.5,1999.0,우투,좌타,내야수
2019,7,로하스,KT,0.322,142,578,521,68,168,30,3,24,276,104,0,5,49,5,3,120,4,0.53,0.381,0.911,51,0.297,0.375,57,103,135,0.76,4,0.41,3.78,0.207,99.1,0.304,6,144,71,71,2,0.5,16.5,1990.0,우투,양타,외야수
2019,8,박건우,두산,0.319,127,537,458,83,146,27,5,10,213,64,1,11,60,0,7,57,23,0.465,0.397,0.862,45,0.284,0.333,42,127,139,0.91,8,1.05,3.83,0.146,82.1,0.295,2,144,88,55,1,0.615,0.0,1990.0,우투,우타,외야수
2019,9,유한준,KT,0.317,139,562,501,61,159,19,1,14,222,86,0,5,52,1,4,61,20,0.443,0.383,0.826,44,0.373,0.25,34,147,139,1.06,13,0.85,3.96,0.126,80.1,0.283,6,144,71,71,2,0.5,16.5,1981.0,우투,우타,외야수
2019,10,채은성,LG,0.315,128,514,470,59,148,18,1,12,204,72,0,8,24,1,12,67,9,0.434,0.358,0.792,43,0.331,0.333,31,130,133,0.98,9,0.36,3.64,0.119,71.8,0.27,4,144,79,64,1,0.552,9.0,1990.0,우투,우타,내야수
2019,11,이천웅,LG,0.308,138,613,546,88,168,24,3,2,204,48,4,1,57,1,5,82,13,0.374,0.378,0.752,52,0.333,0.333,29,186,111,1.68,6,0.7,3.81,0.066,75.4,0.264,4,144,79,64,1,0.552,9.0,1988.0,좌투,좌타,외야수
2019,12,김하성,키움,0.307,139,625,540,112,166,38,2,19,265,104,1,7,70,4,7,80,12,0.491,0.389,0.88,48,0.364,1.0,59,113,188,0.6,10,0.88,3.75,0.183,104.7,0.298,3,144,86,57,1,0.601,2.0,1995.0,우투,우타,내야수
2019,13,김태균,한화,0.305,127,500,433,47,132,21,0,6,171,62,0,8,54,5,5,94,15,0.395,0.382,0.777,30,0.301,0.25,27,104,111,0.94,4,0.57,3.94,0.09,66.0,0.271,9,144,58,86,0,0.403,30.5,1982.0,우투,우타,내야수
2019,14,샌즈,키움,0.305,139,613,525,100,160,39,1,28,285,113,0,5,77,1,6,101,17,0.543,0.396,0.939,47,0.302,0.0,68,112,157,0.71,14,0.76,3.81,0.238,105.0,0.314,3,144,86,57,1,0.601,2.0,1987.0,우투,우타,외야수
2019,15,김현수,LG,0.304,140,595,526,75,160,37,0,11,230,82,0,9,54,9,6,52,11,0.437,0.37,0.807,49,0.329,0.0,48,165,158,1.04,9,1.04,3.67,0.133,84.2,0.276,4,144,79,64,1,0.552,9.0,1988.0,우투,좌타,외야수
2019,16,전준우,롯데,0.301,141,606,545,85,164,30,1,22,262,83,1,7,46,2,7,71,19,0.481,0.359,0.84,45,0.279,0.0,53,163,154,1.06,9,0.65,3.63,0.18,89.2,0.282,10,144,48,93,3,0.34,39.0,1986.0,우투,우타,외야수
2019,17,서건창,키움,0.3,113,486,426,67,128,23,3,2,163,41,3,5,49,1,3,50,5,0.383,0.373,0.756,35,0.344,0.333,28,125,128,0.98,2,0.98,3.73,0.082,65.2,0.264,3,144,86,57,1,0.601,2.0,1989.0,우투,좌타,내야수
2019,18,최형우,KIA,0.3,136,555,456,65,137,31,1,17,221,86,0,7,85,6,7,77,13,0.485,0.413,0.898,38,0.263,0.0,49,115,134,0.86,10,1.1,4.06,0.184,90.7,0.307,7,144,62,80,2,0.437,25.5,1984.0,우투,좌타,외야수
2019,19,김헌곤,삼성,0.297,114,467,411,57,122,20,1,5,159,46,5,6,37,1,8,41,18,0.387,0.361,0.748,33,0.313,0.0,26,138,116,1.19,1,0.9,3.9,0.09,54.5,0.259,8,144,60,83,1,0.42,28.0,1988.0,우투,우타,외야수
2019,20,손아섭,롯데,0.295,134,568,512,78,151,22,1,10,205,63,1,2,52,1,1,92,6,0.4,0.36,0.76,41,0.293,0.2,33,164,107,1.53,4,0.57,3.95,0.105,73.3,0.262,10,144,48,93,3,0.34,39.0,1988.0,우투,좌타,외야수
2019,21,이명기,NC,0.293,139,547,484,62,142,17,3,2,171,36,7,4,48,2,4,66,12,0.353,0.359,0.712,39,0.269,0.0,22,169,111,1.52,4,0.73,3.83,0.06,63.0,0.25,5,144,73,69,2,0.514,14.5,1987.0,좌투,좌타,외야수
2019,22,오재일,두산,0.293,130,529,467,76,137,29,1,21,231,102,0,4,55,1,3,99,5,0.495,0.369,0.864,39,0.344,0.0,51,76,159,0.48,13,0.56,3.73,0.201,84.0,0.29,2,144,88,55,1,0.615,0.0,1986.0,좌투,좌타,내야수
2019,23,러프,삼성,0.292,133,568,472,80,138,35,2,22,243,101,0,9,80,6,7,87,18,0.515,0.396,0.911,39,0.317,0.0,59,129,127,1.02,10,0.92,4.08,0.222,93.5,0.307,8,144,60,83,1,0.42,28.0,1986.0,우투,우타,내야수
2019,24,최정,SK,0.292,141,606,503,86,147,27,0,29,261,99,0,8,69,6,26,92,4,0.519,0.399,0.918,40,0.333,0.0,56,82,190,0.43,14,0.75,3.85,0.227,107.1,0.309,1,144,88,55,1,0.615,0.0,1987.0,우투,우타,내야수
2019,25,김선빈,KIA,0.292,121,447,394,55,115,22,0,3,146,40,5,4,43,0,1,26,7,0.371,0.36,0.731,32,0.297,0.5,25,136,121,1.12,4,1.65,3.7,0.079,53.5,0.255,7,144,62,80,2,0.437,25.5,1989.0,우투,우타,내야수
2019,26,최재훈,한화,0.29,135,451,373,47,108,18,0,3,135,31,4,4,56,0,14,61,9,0.362,0.398,0.76,28,0.225,0.0,21,110,98,1.12,2,0.92,4.07,0.072,55.9,0.27,9,144,58,86,0,0.403,30.5,1989.0,우투,우타,내야수
2019,27,허경민,두산,0.288,133,540,475,71,137,25,1,4,176,60,3,11,34,2,17,36,16,0.371,0.35,0.721,37,0.324,1.0,30,148,165,0.9,9,0.94,3.5,0.082,63.4,0.25,2,144,88,55,1,0.615,0.0,1990.0,우투,우타,내야수
2019,28,이형종,LG,0.286,120,482,419,56,120,24,1,13,185,63,1,10,42,1,10,78,9,0.442,0.358,0.8,35,0.248,0.222,38,103,128,0.8,4,0.54,3.67,0.155,68.0,0.272,4,144,79,64,1,0.552,9.0,1989.0,우투,우타,외야수
2019,29,이대호,롯데,0.285,135,549,485,48,138,23,1,16,211,88,0,7,47,4,10,65,19,0.435,0.355,0.79,38,0.29,0.0,40,146,143,1.02,7,0.72,3.58,0.151,72.5,0.269,10,144,48,93,3,0.34,39.0,1982.0,우투,우타,내야수
2019,30,호잉,한화,0.284,124,525,476,74,135,26,2,18,219,73,1,5,38,5,5,90,6,0.46,0.34,0.8,40,0.262,0.0,46,89,167,0.53,9,0.42,3.54,0.176,75.4,0.268,9,144,58,86,0,0.403,30.5,1989.0,우투,좌타,외야수
2019,32,김재환,두산,0.283,136,574,495,76,140,20,5,15,215,91,0,11,63,5,5,113,7,0.434,0.362,0.796,34,0.3,0.25,40,111,142,0.78,11,0.56,3.57,0.152,82.7,0.271,2,144,88,55,1,0.615,0.0,1988.0,우투,좌타,외야수
2019,6,고종욱,SK,0.323,137,513,492,76,159,25,7,3,207,56,0,2,18,1,1,89,5,0.421,0.347,0.768,48,0.341,0.231,35,147,99,1.48,8,0.2,3.61,0.098,68.6,0.261,1,144,88,55,1,0.615,0.0,1989.0,우투,좌타,외야수
2020,1,최형우,KIA,0.354,140,600,522,93,185,37,1,28,308,115,0,3,70,5,5,101,9,0.59,0.433,1.023,55,0.374,1.0,66,111,128,0.87,18,0.69,4.13,0.236,119.2,0.342,6,144,73,71,0,0.507,13.0,1984.0,우투,좌타,외야수
2020,53,박찬호,KIA,0.223,141,531,480,63,107,16,0,3,132,36,12,3,36,0,0,87,14,0.275,0.276,0.551,30,0.185,0.0,19,153,136,1.13,1,0.41,3.93,0.052,34.4,0.193,6,144,73,71,0,0.507,13.0,1973.0,우투,우타,내야수
2020,25,조용호,KT,0.296,132,482,409,73,121,15,0,0,136,32,5,2,64,1,2,83,6,0.333,0.392,0.725,29,0.317,0.364,15,119,88,1.35,6,0.77,4.46,0.037,59.5,0.26,2,144,81,62,1,0.566,4.5,1989.0,우투,좌타,외야수
2020,24,정수빈,두산,0.298,141,559,490,84,146,17,8,5,194,59,7,5,55,3,2,56,10,0.396,0.368,0.764,39,0.265,1.0,30,164,129,1.27,3,0.98,3.84,0.098,72.7,0.265,3,144,79,61,4,0.564,5.0,1990.0,좌투,좌타,외야수
2020,23,오지환,LG,0.3,141,591,527,95,158,41,7,10,243,71,5,5,45,1,9,116,4,0.461,0.362,0.823,41,0.293,0.333,58,123,135,0.91,3,0.39,4.1,0.161,86.9,0.278,4,144,79,61,4,0.564,5.0,1990.0,우투,좌타,내야수
2020,22,박건우,두산,0.304,129,551,487,103,148,40,0,14,230,70,3,7,42,2,12,65,9,0.472,0.369,0.841,43,0.28,0.5,54,114,167,0.68,11,0.65,3.72,0.168,83.3,0.284,3,144,79,61,4,0.564,5.0,1990.0,우투,우타,외야수
2020,21,김상수,삼성,0.304,120,471,404,71,123,18,3,5,162,47,2,2,55,1,8,55,16,0.401,0.397,0.798,33,0.311,0.0,26,128,100,1.28,8,1.0,4.14,0.097,63.1,0.279,8,144,64,75,5,0.46,19.5,1990.0,우투,우타,내야수
2020,20,김하성,키움,0.306,138,622,533,111,163,24,1,30,279,109,3,3,75,3,8,68,12,0.523,0.397,0.92,45,0.319,0.333,55,104,201,0.52,14,1.1,3.71,0.218,109.9,0.309,5,144,80,63,1,0.559,5.5,1995.0,우투,우타,내야수
2020,19,이명기,NC,0.306,136,540,477,82,146,18,3,2,176,45,5,4,50,0,4,78,6,0.369,0.374,0.743,41,0.311,0.154,23,144,113,1.27,3,0.64,3.94,0.063,67.8,0.261,1,144,83,55,6,0.601,0.0,1987.0,좌투,좌타,외야수
2020,18,박석민,NC,0.306,123,448,356,58,109,15,0,14,166,63,2,4,75,2,10,62,11,0.466,0.436,0.902,20,0.327,0.533,29,95,94,1.01,8,1.21,4.24,0.16,74.1,0.313,1,144,83,55,6,0.601,0.0,1985.0,우투,우타,내야수
2020,17,터커,KIA,0.306,142,631,542,100,166,40,0,32,302,113,0,4,76,3,9,67,12,0.557,0.398,0.955,44,0.3,0.0,72,130,183,0.71,10,1.13,3.87,0.251,112.5,0.318,6,144,73,71,0,0.507,13.0,1990.0,좌투,좌타,외야수
2020,16,최주환,두산,0.306,140,574,509,63,156,29,4,16,241,88,1,10,47,5,7,66,7,0.473,0.366,0.839,41,0.349,0.75,49,103,194,0.53,7,0.71,4.2,0.167,88.1,0.283,3,144,79,61,4,0.564,5.0,1988.0,우투,좌타,내야수
2020,15,구자욱,삼성,0.307,118,510,446,70,137,27,2,15,213,78,1,4,51,3,8,91,4,0.478,0.385,0.863,40,0.336,0.0,44,99,123,0.8,8,0.56,4.0,0.17,82.7,0.293,8,144,64,75,5,0.46,19.5,1993.0,우투,좌타,내야수
2020,13,김동엽,삼성,0.312,115,451,413,60,129,21,0,20,210,74,1,4,29,0,4,79,14,0.508,0.36,0.868,32,0.315,0.4,41,99,110,0.9,8,0.37,3.73,0.196,68.7,0.289,8,144,64,75,5,0.46,19.5,1990.0,우투,우타,내야수
2020,12,황재균,KT,0.312,134,600,541,108,169,35,5,21,277,97,3,4,47,0,5,98,12,0.512,0.37,0.882,49,0.324,0.5,61,112,166,0.67,9,0.48,3.82,0.2,95.3,0.295,2,144,81,62,1,0.566,4.5,1987.0,우투,우타,내야수
2020,11,나성범,NC,0.324,130,584,525,115,170,37,2,34,313,112,0,1,49,2,9,148,6,0.596,0.39,0.986,53,0.338,1.0,73,102,106,0.96,20,0.33,3.82,0.272,111.0,0.325,1,144,83,55,6,0.601,0.0,1989.0,좌투,좌타,외야수
2020,10,양의지,NC,0.328,130,528,461,86,151,26,1,33,278,124,1,6,46,7,14,47,11,0.603,0.4,1.003,45,0.425,0.222,60,98,171,0.57,13,0.98,3.58,0.275,102.7,0.331,1,144,83,55,6,0.601,0.0,1987.0,우투,우타,내야수
2020,9,강백호,KT,0.33,129,574,500,95,165,36,1,23,272,89,0,3,66,9,5,93,7,0.544,0.411,0.955,48,0.32,0.5,60,124,121,1.02,8,0.71,3.81,0.214,104.2,0.321,2,144,81,62,1,0.566,4.5,1999.0,우투,좌타,내야수
2020,8,김현수,LG,0.331,142,619,547,98,181,35,2,22,286,119,0,7,63,7,2,53,9,0.523,0.397,0.92,51,0.446,0.0,59,153,167,0.92,16,1.19,3.8,0.192,106.7,0.309,4,144,79,61,4,0.564,5.0,1988.0,우투,좌타,외야수
2020,7,허경민,두산,0.332,117,487,437,70,145,25,1,7,193,58,3,7,35,2,5,28,10,0.442,0.382,0.824,45,0.375,0.0,33,128,143,0.9,3,1.25,3.45,0.11,71.6,0.282,3,144,79,61,4,0.564,5.0,1990.0,우투,우타,내야수
2020,6,이정후,키움,0.333,140,617,544,85,181,49,5,15,285,101,2,8,59,6,4,47,16,0.524,0.397,0.921,52,0.354,0.5,69,124,200,0.62,13,1.26,3.74,0.191,104.6,0.31,5,144,80,63,1,0.559,5.5,1998.0,우투,좌타,외야수
2020,5,페르난데스,두산,0.34,144,668,586,104,199,29,0,21,291,105,0,11,58,1,13,42,26,0.497,0.404,0.901,62,0.327,0.0,50,206,150,1.37,9,1.38,3.66,0.157,108.6,0.306,3,144,79,61,4,0.564,5.0,1988.0,우투,좌타,내야수
2020,4,박민우,NC,0.345,126,530,467,82,161,27,5,8,222,63,2,10,36,2,15,48,12,0.475,0.402,0.877,47,0.388,0.6,40,123,145,0.85,8,0.75,3.91,0.131,85.7,0.3,1,144,83,55,6,0.601,0.0,1993.0,우투,좌타,내야수
2020,3,로하스,KT,0.349,142,628,550,116,192,39,1,47,374,135,0,8,65,5,5,132,11,0.68,0.417,1.097,58,0.351,0.0,87,94,140,0.67,16,0.49,4.06,0.331,137.9,0.358,2,144,81,62,1,0.566,4.5,1990.0,우투,양타,외야수
2020,2,손아섭,롯데,0.352,141,611,540,98,190,43,0,11,266,85,1,7,61,4,2,56,9,0.493,0.415,0.908,59,0.333,0.667,54,171,130,1.32,11,1.09,3.71,0.141,104.1,0.31,7,144,71,72,1,0.497,14.5,1988.0,우투,좌타,외야수
2020,26,정훈,롯데,0.295,111,476,410,72,121,19,1,11,175,58,2,4,56,0,4,85,8,0.427,0.382,0.809,36,0.357,0.0,31,89,119,0.75,3,0.66,4.28,0.132,69.5,0.279,7,144,71,72,1,0.497,14.5,1987.0,우투,우타,내야수
2020,27,채은성,LG,0.293,109,464,416,59,122,17,2,15,188,88,0,7,32,1,9,69,12,0.452,0.351,0.803,35,0.352,0.2,34,114,118,0.97,9,0.46,3.73,0.159,63.9,0.271,4,144,79,61,4,0.564,5.0,1990.0,우투,우타,내야수
2020,14,오재일,두산,0.312,127,534,471,62,147,32,0,16,227,89,0,2,61,1,0,92,12,0.482,0.39,0.872,43,0.376,0.0,48,106,128,0.83,17,0.66,3.77,0.17,82.7,0.296,3,144,79,61,4,0.564,5.0,1986.0,좌투,좌타,내야수
2020,29,나지완,KIA,0.291,137,556,468,73,136,19,1,17,208,92,0,6,64,1,18,114,6,0.444,0.392,0.836,32,0.338,0.25,37,84,140,0.6,7,0.56,4.01,0.154,85.7,0.287,6,144,73,71,0,0.507,13.0,1985.0,우투,우타,외야수
2020,28,이대호,롯데,0.292,144,611,542,67,158,27,0,20,245,110,0,11,53,9,5,68,21,0.452,0.354,0.806,40,0.323,0.667,47,154,173,0.89,16,0.78,3.54,0.161,83.7,0.272,7,144,71,72,1,0.497,14.5,1982.0,우투,우타,내야수
2020,52,심우준,KT,0.235,144,535,476,58,112,16,3,3,143,51,16,4,37,0,2,98,7,0.3,0.291,0.591,28,0.258,0.0,22,138,132,1.05,5,0.38,4.08,0.065,46.0,0.206,2,144,81,62,1,0.566,4.5,1995.0,우투,우타,외야수
2020,51,유민상,KIA,0.246,126,456,391,38,96,23,0,8,143,65,2,4,53,1,6,80,14,0.366,0.341,0.707,15,0.308,0.273,31,108,111,0.97,7,0.66,3.99,0.12,49.7,0.245,6,144,73,71,0,0.507,13.0,1989.0,우투,좌타,내야수
2020,50,최지훈,SK,0.258,127,520,466,66,120,19,5,1,152,27,8,3,38,0,5,80,4,0.326,0.318,0.644,30,0.218,1.0,25,139,130,1.07,1,0.48,3.87,0.069,51.9,0.225,9,144,51,92,1,0.357,34.5,1997.0,우투,좌타,외야수
2020,49,유강남,LG,0.261,137,478,429,51,112,18,0,16,178,74,2,2,32,1,13,84,18,0.415,0.33,0.745,23,0.352,0.375,34,117,118,0.99,9,0.38,3.6,0.154,55.0,0.252,4,144,79,61,4,0.564,5.0,1992.0,우투,우타,내야수
2020,48,김재환,두산,0.266,140,614,516,82,137,26,1,30,255,113,0,6,91,3,1,154,14,0.494,0.373,0.867,33,0.278,1.0,57,127,104,1.22,12,0.59,3.91,0.229,96.7,0.291,3,144,79,61,4,0.564,5.0,1988.0,우투,좌타,외야수
2020,47,이원석,삼성,0.268,121,467,403,46,108,17,0,13,164,74,1,12,49,1,2,82,7,0.407,0.341,0.748,27,0.336,0.0,30,87,138,0.63,4,0.6,4.07,0.139,61.6,0.255,8,144,64,75,5,0.46,19.5,1986.0,우투,우타,내야수
2020,45,노진혁,NC,0.274,132,484,427,70,117,22,3,20,205,82,3,0,49,3,5,106,8,0.48,0.356,0.836,34,0.351,0.125,45,93,111,0.84,4,0.46,3.9,0.206,69.0,0.28,1,144,83,55,6,0.601,0.0,1989.0,우투,좌타,내야수
2020,44,서건창,키움,0.277,135,595,484,79,134,28,5,5,187,52,5,10,91,1,5,58,8,0.386,0.39,0.776,36,0.3,0.75,38,142,160,0.89,6,1.57,3.97,0.11,83.2,0.272,5,144,80,63,1,0.559,5.5,1989.0,우투,좌타,내야수
2020,43,장성우,KT,0.278,130,455,400,39,111,15,0,13,165,79,10,6,38,0,1,64,15,0.413,0.337,0.75,30,0.31,0.286,28,106,125,0.85,6,0.59,3.79,0.135,54.8,0.255,2,144,81,62,1,0.566,4.5,1990.0,우투,우타,내야수
2020,42,한동희,롯데,0.278,135,531,461,62,128,22,0,17,201,67,5,3,57,0,5,97,15,0.436,0.361,0.797,34,0.243,0.5,39,137,102,1.34,4,0.59,3.87,0.158,70.0,0.271,7,144,71,72,1,0.497,14.5,1999.0,우투,우타,내야수
2020,41,알테어,NC,0.278,136,546,482,90,134,20,7,31,261,108,0,6,46,3,12,149,10,0.541,0.352,0.893,38,0.333,0.0,58,83,122,0.68,9,0.31,3.79,0.263,92.8,0.294,1,144,83,55,6,0.601,0.0,1991.0,우투,우타,외야수
2020,46,최정,SK,0.27,133,553,452,90,122,22,0,33,243,96,0,6,75,1,20,98,7,0.538,0.392,0.93,32,0.276,0.5,55,76,162,0.47,12,0.77,3.93,0.268,98.7,0.311,9,144,51,92,1,0.357,34.5,1987.0,우투,우타,내야수
2020,40,라모스,LG,0.278,117,494,431,74,120,17,2,38,255,86,0,4,55,5,4,136,7,0.592,0.362,0.954,32,0.274,0.0,57,71,108,0.66,6,0.4,4.05,0.313,90.3,0.311,4,144,79,61,4,0.564,5.0,1994.0,우투,좌타,내야수
2020,31,배정대,KT,0.289,144,615,533,88,154,25,3,13,224,65,5,4,68,0,5,142,9,0.42,0.372,0.792,42,0.277,0.0,41,117,124,0.94,7,0.48,3.99,0.131,84.1,0.272,2,144,81,62,1,0.566,4.5,1995.0,우투,우타,외야수
2020,32,김재호,두산,0.289,120,458,402,48,116,15,1,2,139,39,2,5,45,1,4,45,17,0.346,0.362,0.708,29,0.252,0.0,18,120,126,0.95,4,1.0,3.97,0.057,50.3,0.249,3,144,79,61,4,0.564,5.0,1985.0,우투,우타,내야수
2020,33,안치홍,롯데,0.286,124,460,412,49,118,28,0,8,170,54,4,2,35,2,7,47,11,0.413,0.351,0.764,30,0.288,0.286,36,112,137,0.82,3,0.74,3.74,0.126,58.0,0.261,7,144,71,72,1,0.497,14.5,1990.0,우투,우타,내야수
2020,34,이용규,한화,0.286,120,487,419,60,120,14,2,1,141,32,2,1,59,0,6,36,9,0.337,0.381,0.718,31,0.294,0.0,17,139,125,1.11,2,1.64,4.25,0.05,57.6,0.256,10,144,46,95,3,0.326,38.5,1985.0,좌투,좌타,외야수
2020,35,김혜성,키움,0.285,142,553,499,80,142,24,6,7,199,61,2,4,46,0,2,94,6,0.399,0.345,0.744,36,0.366,0.333,37,140,127,1.1,5,0.49,3.96,0.114,70.8,0.255,5,144,80,63,1,0.559,5.5,1999.0,우투,좌타,내야수
2020,30,박해민,삼성,0.29,132,541,489,84,142,18,5,11,203,55,7,3,39,1,3,77,7,0.415,0.345,0.76,46,0.294,0.6,34,122,151,0.81,3,0.51,3.99,0.125,71.4,0.259,8,144,64,75,5,0.46,19.5,1990.0,우투,좌타,내야수
2020,37,마차도,롯데,0.28,144,560,486,79,136,31,1,12,205,67,4,8,54,2,8,60,20,0.422,0.356,0.778,36,0.281,0.0,44,144,154,0.94,2,0.9,3.75,0.142,73.7,0.266,7,144,71,72,1,0.497,14.5,1992.0,우투,우타,내야수
2020,38,홍창기,LG,0.279,135,507,408,87,114,29,6,5,170,39,3,3,83,1,10,87,8,0.417,0.411,0.828,31,0.266,0.143,40,113,97,1.16,7,0.95,4.37,0.137,74.3,0.289,4,144,79,61,4,0.564,5.0,1993.0,우투,좌타,외야수
2020,39,전준우,롯데,0.279,143,628,562,95,157,34,1,26,271,96,3,3,52,0,8,79,21,0.482,0.347,0.829,42,0.272,0.667,61,174,155,1.12,10,0.66,3.73,0.203,87.0,0.277,7,144,71,72,1,0.497,14.5,1986.0,우투,우타,외야수
2020,36,로맥,SK,0.282,139,586,485,85,137,32,0,32,265,91,0,4,91,5,6,116,5,0.546,0.399,0.945,35,0.316,0.0,64,87,149,0.58,4,0.78,4.15,0.264,105.6,0.316,9,144,51,92,1,0.357,34.5,1985.0,우투,우타,내야수
2021,40,최지훈,SSG,0.262,136,534,461,75,121,19,6,5,167,45,8,6,51,0,8,71,6,0.362,0.342,0.704,30,0.255,0.333,30,111,164,0.68,3,0.72,3.82,0.1,64.6,0.244,6,144,66,64,14,0.508,7.5,1997.0,우투,좌타,외야수
2021,30,채은성,LG,0.276,110,448,387,59,107,20,0,16,175,82,0,7,38,2,16,80,9,0.452,0.359,0.811,27,0.317,0.167,36,89,118,0.75,7,0.48,3.88,0.176,64.6,0.275,4,144,72,58,14,0.554,1.5,1990.0,우투,우타,내야수
2021,31,최재훈,한화,0.275,116,467,375,52,103,21,0,7,145,44,5,3,72,2,12,68,16,0.387,0.405,0.792,29,0.275,0.0,28,107,100,1.07,2,1.06,4.14,0.112,61.3,0.279,10,144,49,83,12,0.371,25.5,1989.0,우투,우타,내야수
2021,32,김재환,두산,0.274,137,566,475,86,130,23,2,27,238,102,0,5,81,3,5,127,9,0.501,0.382,0.883,40,0.338,0.5,52,109,114,0.96,15,0.64,4.01,0.227,91.3,0.297,3,144,71,65,8,0.522,5.5,1988.0,우투,좌타,외야수
2021,33,양석환,두산,0.273,133,546,488,66,133,22,0,28,239,96,0,7,42,2,9,136,10,0.49,0.337,0.827,34,0.29,0.25,50,79,147,0.54,12,0.31,3.98,0.217,80.1,0.274,3,144,71,65,8,0.522,5.5,1991.0,우투,우타,내야수
2021,34,하주석,한화,0.272,138,594,525,84,143,27,3,10,206,68,5,3,51,1,10,135,9,0.392,0.346,0.738,39,0.269,0.0,40,146,104,1.4,4,0.38,3.87,0.12,73.9,0.254,10,144,49,83,12,0.371,25.5,1994.0,우투,좌타,내야수
2021,35,알테어,NC,0.272,143,565,492,83,134,19,2,32,253,84,0,5,57,2,11,156,6,0.514,0.358,0.872,31,0.248,0.0,53,92,115,0.8,10,0.37,3.97,0.242,93.4,0.29,7,144,67,68,9,0.496,9.0,1991.0,우투,우타,외야수
2021,36,노시환,한화,0.271,107,458,380,56,103,18,1,18,177,84,0,4,73,9,1,107,15,0.466,0.386,0.852,25,0.341,0.0,37,97,77,1.26,9,0.68,4.17,0.195,67.7,0.29,10,144,49,83,12,0.371,25.5,2000.0,우투,우타,내야수
2021,37,심우준,KT,0.268,139,460,407,61,109,20,2,6,151,48,10,6,32,0,4,65,2,0.371,0.323,0.694,26,0.271,0.5,28,92,147,0.63,7,0.49,4.12,0.103,53.4,0.238,1,144,76,59,9,0.563,0.0,1995.0,우투,우타,외야수
2021,38,한동희,롯데,0.267,129,496,424,54,113,24,0,17,188,69,1,4,61,1,6,95,21,0.443,0.364,0.807,32,0.252,0.5,41,135,85,1.59,7,0.64,4.04,0.177,65.1,0.275,8,144,65,71,8,0.478,11.5,1999.0,우투,우타,내야수
2021,39,추신수,SSG,0.265,137,580,461,84,122,19,2,21,208,69,0,4,103,4,12,123,8,0.451,0.409,0.86,34,0.274,0.222,42,118,102,1.16,4,0.84,4.11,0.187,93.4,0.297,6,144,66,64,14,0.508,7.5,1982.0,좌투,좌타,외야수
2021,41,배정대,KT,0.259,144,595,510,85,132,23,1,12,193,68,3,5,65,2,12,132,9,0.378,0.353,0.731,35,0.22,0.0,36,121,130,0.93,7,0.49,4.02,0.12,73.6,0.253,1,144,76,59,9,0.563,0.0,1995.0,우투,우타,외야수
2021,54,박병호,키움,0.227,118,477,409,48,93,23,0,20,176,76,0,7,47,3,14,141,9,0.43,0.323,0.753,22,0.233,0.333,43,77,105,0.73,9,0.33,4.05,0.203,60.2,0.253,5,144,70,67,7,0.511,7.0,1986.0,우투,우타,내야수
2021,43,오지환,LG,0.254,134,532,464,62,118,19,2,8,165,57,4,5,54,0,5,82,11,0.356,0.335,0.691,30,0.248,0.25,29,142,127,1.12,8,0.66,3.86,0.101,58.2,0.24,4,144,72,58,14,0.554,1.5,1990.0,우투,좌타,내야수
2021,44,서건창,LG,0.253,144,600,513,78,130,24,2,6,176,52,5,4,69,2,9,78,14,0.343,0.35,0.693,32,0.24,0.286,32,154,155,0.99,4,0.88,3.93,0.09,65.6,0.243,4,144,72,58,14,0.554,1.5,1989.0,우투,좌타,내야수
2021,45,박동원,키움,0.249,131,481,413,61,103,21,0,22,190,83,5,3,53,0,7,114,12,0.46,0.342,0.802,26,0.277,0.2,43,105,94,1.12,11,0.46,4.06,0.211,65.6,0.269,5,144,70,67,7,0.511,7.0,1990.0,우투,우타,내야수
2021,46,강진성,NC,0.249,124,462,406,49,101,20,0,7,142,38,4,2,36,2,14,68,12,0.35,0.33,0.68,25,0.227,0.2,27,114,125,0.91,5,0.53,3.74,0.101,47.4,0.236,7,144,67,68,9,0.496,9.0,1993.0,우투,우타,내야수
2021,47,박찬호,KIA,0.246,131,483,418,51,103,15,5,1,131,59,8,3,54,0,0,73,11,0.313,0.331,0.644,22,0.291,1.0,21,147,98,1.5,7,0.74,4.1,0.067,45.6,0.227,9,144,58,76,10,0.433,17.5,1973.0,우투,우타,내야수
2021,48,터커,KIA,0.237,127,539,468,42,111,24,1,9,164,59,0,2,61,1,8,66,12,0.35,0.334,0.684,24,0.266,0.0,34,121,172,0.7,4,0.92,3.76,0.113,56.8,0.238,9,144,58,76,10,0.433,17.5,1990.0,좌투,좌타,외야수
2021,49,조용호,KT,0.236,138,515,428,71,101,14,1,0,117,48,5,5,74,0,3,85,8,0.273,0.349,0.622,27,0.33,0.143,15,145,102,1.42,5,0.87,4.3,0.037,48.6,0.225,1,144,76,59,9,0.563,0.0,1989.0,우투,좌타,외야수
2021,50,김상수,삼성,0.235,132,496,429,46,101,17,1,3,129,42,8,4,52,0,3,51,14,0.301,0.32,0.621,24,0.223,0.333,21,147,134,1.1,6,1.02,3.9,0.065,43.1,0.219,2,144,76,59,9,0.563,0.0,1990.0,우투,우타,내야수
2021,51,최형우,KIA,0.233,104,446,373,52,87,15,1,12,140,55,0,2,67,10,4,67,9,0.375,0.354,0.729,22,0.264,0.333,28,110,111,0.99,11,1.0,4.0,0.142,53.0,0.253,9,144,58,76,10,0.433,17.5,1984.0,우투,좌타,외야수
2021,52,장성우,KT,0.231,127,460,385,46,89,13,0,14,144,63,9,3,60,3,3,69,16,0.374,0.337,0.711,15,0.239,0.2,27,113,117,0.97,10,0.87,3.95,0.143,49.6,0.245,1,144,76,59,9,0.563,0.0,1990.0,우투,우타,내야수
2021,53,이원석,삼성,0.231,131,480,399,40,92,19,0,9,138,59,2,8,60,2,11,80,11,0.346,0.341,0.687,18,0.309,0.25,28,77,158,0.49,7,0.75,3.91,0.115,53.5,0.24,2,144,76,59,9,0.563,0.0,1986.0,우투,우타,내야수
2021,29,최정,SSG,0.278,134,555,436,92,121,17,1,35,245,100,1,12,84,3,22,102,9,0.562,0.41,0.972,28,0.281,0.6,53,77,148,0.52,13,0.82,4.02,0.284,105.0,0.325,6,144,66,64,14,0.508,7.5,1987.0,우투,우타,내야수
2021,42,최주환,SSG,0.256,116,470,406,50,104,16,0,18,174,67,0,2,53,4,9,84,7,0.429,0.353,0.782,29,0.284,0.167,34,77,143,0.54,5,0.63,4.39,0.172,63.5,0.266,6,144,66,64,14,0.508,7.5,1988.0,우투,좌타,내야수
2021,28,허경민,두산,0.278,136,518,468,61,130,24,1,5,171,59,3,3,36,1,8,35,21,0.365,0.338,0.703,34,0.285,0.444,30,175,131,1.34,6,1.03,3.76,0.088,51.8,0.243,3,144,71,65,8,0.522,5.5,1990.0,우투,우타,내야수
2021,22,오재일,삼성,0.285,120,484,418,64,119,20,0,25,214,97,0,8,58,8,0,106,5,0.512,0.366,0.878,36,0.276,0.0,45,99,102,0.97,9,0.55,3.82,0.227,79.9,0.293,2,144,76,59,9,0.563,0.0,1986.0,좌투,좌타,내야수
2021,26,마차도,롯데,0.279,134,539,466,83,130,21,1,5,168,58,4,7,58,1,4,65,9,0.361,0.359,0.72,27,0.339,0.0,27,133,145,0.92,2,0.89,3.69,0.082,64.4,0.252,8,144,65,71,8,0.478,11.5,1992.0,우투,우타,내야수
2021,2,전준우,롯데,0.348,144,619,552,88,192,46,0,7,259,92,1,8,53,0,5,71,10,0.469,0.405,0.874,53,0.416,0.6,53,145,152,0.95,10,0.75,3.64,0.121,98.9,0.3,8,144,65,71,8,0.478,11.5,1986.0,우투,우타,외야수
2021,3,강백호,KT,0.347,142,627,516,76,179,40,1,16,269,102,0,8,103,10,0,85,7,0.521,0.45,0.971,53,0.34,0.0,57,131,129,1.02,11,1.21,4.2,0.174,117.6,0.333,1,144,76,59,9,0.563,0.0,1999.0,우투,좌타,내야수
2021,4,홍창기,LG,0.328,144,651,524,103,172,26,2,4,214,52,0,2,109,4,16,95,6,0.408,0.456,0.864,57,0.343,0.5,32,138,121,1.14,8,1.15,4.17,0.08,106.4,0.307,4,144,72,58,14,0.554,1.5,1993.0,우투,좌타,외야수
2021,5,박건우,두산,0.325,126,525,458,82,149,31,2,6,202,63,0,6,50,2,11,72,16,0.441,0.4,0.841,44,0.325,0.25,39,111,132,0.84,3,0.69,3.7,0.116,78.9,0.29,3,144,71,65,8,0.522,5.5,1990.0,우투,우타,외야수
2021,6,양의지,NC,0.325,141,570,480,81,156,29,2,30,279,111,0,10,69,5,11,60,12,0.581,0.414,0.995,41,0.374,0.5,61,84,190,0.44,17,1.15,3.74,0.256,110.1,0.332,7,144,67,68,9,0.496,9.0,1987.0,우투,우타,내야수
2021,7,손아섭,롯데,0.319,139,610,542,88,173,29,2,3,215,58,3,1,61,3,3,67,15,0.397,0.39,0.787,58,0.318,0.0,34,179,124,1.44,9,0.91,3.65,0.077,79.5,0.275,8,144,65,71,8,0.478,11.5,1988.0,우투,좌타,외야수
2021,8,페르난데스,두산,0.315,141,617,540,73,170,24,0,15,239,81,0,6,65,3,6,35,25,0.443,0.391,0.834,48,0.279,0.0,39,170,171,0.99,4,1.86,3.48,0.128,87.0,0.287,3,144,71,65,8,0.522,5.5,1988.0,우투,좌타,내야수
2021,9,김선빈,KIA,0.307,130,564,501,55,154,32,0,5,201,67,1,5,56,2,1,39,19,0.401,0.375,0.776,47,0.32,0.0,37,181,132,1.37,7,1.44,3.82,0.094,71.3,0.269,9,144,58,76,10,0.433,17.5,1989.0,우투,우타,내야수
2021,10,안치홍,롯데,0.306,119,490,421,58,129,30,2,10,193,82,5,9,52,2,3,58,10,0.458,0.379,0.837,38,0.359,0.5,42,129,114,1.13,9,0.9,4.0,0.152,71.8,0.285,8,144,65,71,8,0.478,11.5,1990.0,우투,우타,내야수
2021,11,구자욱,삼성,0.306,139,610,543,107,166,30,10,22,282,88,1,12,48,3,6,98,9,0.519,0.361,0.88,45,0.283,0.0,62,122,169,0.72,9,0.49,3.87,0.214,103.8,0.292,2,144,76,59,9,0.563,0.0,1993.0,우투,좌타,내야수
2021,12,김혜성,키움,0.304,144,635,559,99,170,20,3,3,205,66,0,10,65,3,1,97,8,0.367,0.372,0.739,45,0.289,0.5,26,165,137,1.2,7,0.67,4.01,0.063,88.0,0.259,5,144,70,67,7,0.511,7.0,1999.0,우투,좌타,내야수
2021,13,박성한,SSG,0.302,135,471,407,53,123,21,1,4,158,44,12,2,49,0,1,73,1,0.388,0.377,0.765,26,0.298,0.5,26,109,104,1.05,4,0.67,4.01,0.086,62.7,0.267,6,144,66,64,14,0.508,7.5,1998.0,우투,좌타,내야수
2021,1,이정후,키움,0.36,123,544,464,78,167,42,6,7,242,84,0,9,62,1,9,37,8,0.522,0.438,0.96,51,0.341,0.0,55,131,138,0.95,7,1.68,3.94,0.162,100.8,0.328,5,144,70,67,7,0.511,7.0,1998.0,우투,좌타,외야수
2021,15,최원준,KIA,0.295,143,668,589,82,174,21,6,4,219,44,4,3,61,0,11,68,7,0.372,0.37,0.742,46,0.264,0.0,31,185,165,1.12,5,0.9,3.82,0.076,86.9,0.26,9,144,58,76,10,0.433,17.5,1997.0,우투,좌타,외야수
2021,16,정훈,롯데,0.292,135,561,486,70,142,27,1,14,213,79,1,3,68,8,3,89,6,0.438,0.38,0.818,42,0.24,0.167,42,114,144,0.79,6,0.76,4.18,0.146,82.4,0.281,8,144,65,71,8,0.478,11.5,1987.0,우투,우타,내야수
2021,17,황재균,KT,0.291,117,507,453,74,132,16,2,10,182,56,1,4,46,1,3,92,11,0.402,0.358,0.76,37,0.289,0.0,28,88,145,0.61,5,0.5,4.02,0.11,65.1,0.262,1,144,76,59,9,0.563,0.0,1987.0,우투,우타,내야수
2021,18,박해민,삼성,0.291,127,542,454,78,132,22,1,5,171,54,9,7,69,2,3,82,3,0.377,0.383,0.76,36,0.327,0.0,28,116,131,0.89,5,0.84,4.2,0.086,74.3,0.267,2,144,76,59,9,0.563,0.0,1990.0,우투,좌타,내야수
2021,19,강민호,삼성,0.291,123,462,406,55,118,22,0,18,194,67,0,7,45,4,4,53,18,0.478,0.361,0.839,34,0.25,0.25,40,129,113,1.14,12,0.85,3.6,0.187,66.6,0.282,2,144,76,59,9,0.563,0.0,1985.0,우투,우타,내야수
2021,20,이대호,롯데,0.286,114,465,420,39,120,11,0,19,188,81,0,6,34,3,5,50,12,0.448,0.342,0.79,36,0.256,0.143,30,121,135,0.9,5,0.68,3.69,0.162,63.7,0.266,8,144,65,71,8,0.478,11.5,1982.0,우투,우타,내야수
2021,20,피렐라,삼성,0.286,140,621,553,102,158,25,2,29,274,97,0,3,57,2,8,89,8,0.495,0.359,0.854,52,0.288,0.0,56,143,166,0.86,10,0.64,3.76,0.21,96.3,0.285,2,144,76,59,9,0.563,0.0,1989.0,우투,우타,내야수
2021,27,한유섬,SSG,0.278,135,519,442,71,123,18,1,31,236,95,1,6,60,4,10,96,11,0.534,0.373,0.907,33,0.304,0.429,50,108,121,0.89,4,0.63,4.04,0.256,87.5,0.301,6,144,66,64,14,0.508,7.5,1989.0,우투,좌타,외야수
2021,23,김현수,LG,0.285,140,595,506,70,144,23,1,17,220,96,0,9,77,5,3,42,7,0.435,0.376,0.811,43,0.279,0.0,41,156,173,0.9,19,1.83,3.79,0.15,88.7,0.278,4,144,72,58,14,0.554,1.5,1988.0,우투,좌타,외야수
2021,24,정은원,한화,0.283,139,608,495,85,140,22,5,6,190,39,4,3,105,1,1,105,9,0.384,0.407,0.791,40,0.312,0.5,33,126,127,0.99,2,1.0,4.47,0.101,84.2,0.279,10,144,49,83,12,0.371,25.5,2000.0,우투,좌타,내야수
2021,25,나성범,NC,0.281,144,623,570,96,160,29,1,33,290,101,0,4,38,2,11,155,5,0.509,0.335,0.844,46,0.263,0.0,63,119,140,0.85,9,0.25,3.74,0.228,95.5,0.278,7,144,67,68,9,0.496,9.0,1989.0,좌투,좌타,외야수
2021,14,이용규,키움,0.296,133,547,459,88,136,16,8,1,171,43,6,6,71,2,5,46,5,0.373,0.392,0.765,38,0.276,0.333,25,152,131,1.16,5,1.54,4.24,0.076,76.0,0.27,5,144,70,67,7,0.511,7.0,1985.0,좌투,좌타,외야수
2022,39,최형우,KIA,0.264,132,530,454,55,120,27,1,14,191,71,0,2,73,5,1,92,9,0.421,0.366,0.787,33,0.282,0.286,42,114,130,0.88,6,0.79,4.22,0.156,71.1,0.27,5,144,70,73,1,0.49,19.5,1984.0,우투,좌타,외야수
2022,38,최정,SSG,0.266,121,505,414,80,110,21,0,26,209,87,0,6,66,3,19,96,6,0.505,0.386,0.891,27,0.292,0.5,47,72,142,0.51,9,0.69,3.92,0.239,85.1,0.3,1,144,88,52,4,0.629,0.0,1987.0,우투,우타,내야수
2022,37,배정대,KT,0.266,144,575,508,64,135,24,2,6,181,56,5,4,54,0,4,126,2,0.356,0.339,0.695,34,0.281,0.333,32,117,134,0.87,9,0.43,4.12,0.091,67.7,0.242,4,144,80,62,2,0.563,9.0,1995.0,우투,우타,외야수
2022,35,박민우,NC,0.267,104,451,390,61,104,22,1,4,140,38,6,3,42,5,10,55,7,0.359,0.351,0.71,28,0.264,0.0,27,123,111,1.11,4,0.76,3.92,0.092,53.5,0.248,6,144,67,74,3,0.475,21.5,1993.0,우투,좌타,내야수
2022,30,류지혁,KIA,0.274,127,477,405,55,111,19,2,2,140,48,8,2,56,0,6,83,6,0.346,0.369,0.715,28,0.305,0.286,23,130,83,1.57,8,0.67,3.93,0.072,55.6,0.253,5,144,70,73,1,0.49,19.5,1994.0,우투,좌타,내야수
2022,34,오재일,삼성,0.268,135,536,470,57,126,42,0,21,231,94,0,7,57,8,2,133,7,0.491,0.345,0.836,31,0.304,0.333,63,88,130,0.68,5,0.43,4.01,0.223,79.3,0.278,7,144,66,76,2,0.465,23.0,1986.0,좌투,좌타,내야수
2022,33,오지환,LG,0.269,142,569,494,75,133,16,4,25,232,87,3,3,62,2,7,107,11,0.47,0.357,0.827,35,0.32,1.0,45,135,122,1.11,11,0.58,4.07,0.2,84.1,0.278,2,144,87,55,2,0.613,2.0,1990.0,우투,좌타,내야수
2022,32,박찬호,KIA,0.272,130,566,493,81,134,22,0,4,168,45,8,7,57,0,1,67,9,0.341,0.344,0.685,34,0.277,0.0,26,160,139,1.15,8,0.85,4.0,0.069,67.1,0.24,5,144,70,73,1,0.49,19.5,1973.0,우투,우타,내야수
2022,31,정은원,한화,0.274,140,601,508,67,139,20,2,8,187,49,4,3,85,0,1,109,10,0.368,0.377,0.745,37,0.254,0.333,30,138,125,1.1,4,0.78,4.33,0.094,75.1,0.262,10,144,46,96,2,0.324,43.0,2000.0,우투,좌타,내야수
2022,40,한유섬,SSG,0.264,135,545,458,62,121,33,1,21,219,100,0,5,66,6,16,137,8,0.478,0.372,0.85,31,0.284,0.111,55,114,91,1.25,15,0.48,4.02,0.214,82.7,0.287,1,144,88,52,4,0.629,0.0,1989.0,우투,좌타,외야수
2022,35,이지영,키움,0.267,137,450,420,38,112,13,4,2,139,37,8,0,20,2,2,44,16,0.331,0.303,0.634,26,0.262,0.364,19,158,106,1.49,6,0.45,3.37,0.064,36.4,0.219,3,144,80,62,2,0.563,9.0,1986.0,우투,우타,내야수
2022,41,강승호,두산,0.264,134,487,444,54,117,28,1,10,177,62,6,5,29,0,3,100,8,0.399,0.31,0.709,34,0.299,0.25,39,98,134,0.73,11,0.29,3.45,0.135,55.1,0.239,9,144,60,82,2,0.423,29.0,1994.0,우투,우타,내야수
2022,47,유강남,LG,0.255,139,469,416,54,106,16,0,8,146,47,6,2,34,1,11,98,9,0.351,0.326,0.677,27,0.255,0.385,24,102,112,0.91,4,0.35,3.93,0.096,48.2,0.234,2,144,87,55,2,0.613,2.0,1992.0,우투,우타,내야수
2022,43,정수빈,두산,0.259,127,455,405,58,105,12,4,3,134,41,6,4,39,1,1,56,2,0.331,0.323,0.654,29,0.237,0.0,19,153,95,1.61,3,0.7,3.81,0.072,47.3,0.228,9,144,60,82,2,0.423,29.0,1990.0,좌투,좌타,외야수
2022,44,추신수,SSG,0.259,112,499,409,77,106,20,1,16,176,58,2,4,71,1,13,100,6,0.43,0.382,0.812,29,0.299,0.25,37,101,106,0.95,5,0.71,4.09,0.171,73.8,0.279,1,144,88,52,4,0.629,0.0,1982.0,좌투,좌타,외야수
2022,45,하주석,한화,0.258,125,483,445,50,115,18,2,5,152,58,1,3,31,1,3,126,4,0.342,0.309,0.651,29,0.255,0.75,25,134,73,1.84,9,0.25,3.83,0.083,49.4,0.225,10,144,46,96,2,0.324,43.0,1994.0,우투,좌타,내야수
2022,46,황대인,KIA,0.256,129,524,476,40,122,27,0,14,191,91,0,5,36,2,7,92,20,0.401,0.315,0.716,34,0.296,0.0,41,121,146,0.83,8,0.39,3.53,0.145,56.4,0.242,5,144,70,73,1,0.49,19.5,1996.0,우투,우타,내야수
2022,48,김재환,두산,0.248,128,517,448,64,111,24,1,23,206,72,0,4,61,4,4,133,5,0.46,0.34,0.8,22,0.271,0.333,48,98,110,0.89,4,0.46,3.93,0.212,73.0,0.268,9,144,60,82,2,0.423,29.0,1988.0,우투,좌타,외야수
2022,49,송성문,키움,0.247,142,601,547,67,135,21,4,13,203,79,1,7,45,6,1,65,8,0.371,0.302,0.673,31,0.269,0.0,38,156,198,0.79,11,0.69,3.57,0.124,63.4,0.229,3,144,80,62,2,0.563,9.0,1996.0,우투,좌타,내야수
2022,50,양석환,두산,0.244,107,446,405,58,99,14,1,20,175,51,0,2,32,3,7,101,3,0.432,0.309,0.741,23,0.245,0.0,35,67,140,0.48,5,0.32,3.85,0.188,56.4,0.247,9,144,60,82,2,0.423,29.0,1991.0,우투,우타,내야수
2022,51,박동원,KIA,0.242,123,447,385,52,93,21,0,18,168,57,7,1,45,4,9,95,9,0.436,0.334,0.77,21,0.234,0.077,39,104,94,1.11,6,0.47,4.1,0.195,56.5,0.259,5,144,70,73,1,0.49,19.5,1990.0,우투,우타,내야수
2022,52,김태연,한화,0.24,119,464,404,46,97,18,0,7,136,53,3,4,48,1,5,106,9,0.337,0.325,0.662,25,0.239,0.0,25,102,103,0.99,3,0.45,4.11,0.097,46.7,0.231,10,144,46,96,2,0.324,43.0,1997.0,우투,우타,외야수
2022,53,심우준,KT,0.24,132,449,388,69,93,8,2,4,117,34,11,4,43,0,2,75,11,0.302,0.316,0.618,23,0.175,0.333,14,104,120,0.87,4,0.57,4.31,0.062,42.6,0.218,4,144,80,62,2,0.563,9.0,1995.0,우투,우타,외야수
2022,29,박병호,KT,0.275,124,487,429,72,118,17,0,35,240,98,0,6,40,3,12,131,7,0.559,0.349,0.908,24,0.259,0.429,52,75,111,0.68,11,0.31,3.93,0.284,83.6,0.297,4,144,80,62,2,0.563,9.0,1986.0,우투,우타,내야수
2022,42,황재균,KT,0.262,141,581,519,59,136,25,3,10,197,64,2,2,53,5,5,99,17,0.38,0.335,0.715,36,0.303,0.0,38,132,154,0.86,4,0.54,3.82,0.118,63.2,0.246,4,144,80,62,2,0.563,9.0,1987.0,우투,우타,내야수
2022,28,푸이그,키움,0.277,126,547,473,65,131,30,0,21,224,73,0,4,58,1,12,100,6,0.474,0.367,0.841,37,0.268,0.0,51,88,158,0.56,8,0.58,3.83,0.197,83.4,0.284,3,144,80,62,2,0.563,9.0,1990.0,우투,우타,외야수
2022,26,노진혁,NC,0.28,115,451,396,50,111,24,0,15,180,75,3,5,45,3,2,105,11,0.455,0.353,0.808,26,0.295,0.0,39,88,97,0.91,8,0.43,3.93,0.174,62.4,0.273,6,144,67,74,3,0.475,21.5,1989.0,우투,좌타,내야수
2022,1,이정후,키움,0.349,142,627,553,85,193,36,10,23,318,113,0,3,66,12,5,32,10,0.575,0.421,0.996,58,0.387,0.333,69,154,177,0.87,15,2.06,3.69,0.226,120.2,0.333,3,144,80,62,2,0.563,9.0,1998.0,우투,좌타,외야수
2022,27,손아섭,NC,0.277,138,617,548,72,152,29,4,4,201,48,1,6,59,2,3,76,9,0.367,0.347,0.714,45,0.3,0.0,37,198,128,1.55,4,0.78,3.9,0.089,72.2,0.248,6,144,67,74,3,0.475,21.5,1988.0,우투,좌타,외야수
2022,2,피렐라,삼성,0.342,141,630,561,102,192,33,4,28,317,109,0,2,55,12,12,81,19,0.565,0.411,0.976,57,0.375,0.0,65,149,141,1.06,12,0.68,3.45,0.223,114.4,0.326,7,144,66,76,2,0.465,23.0,1989.0,우투,우타,내야수
2022,3,박건우,NC,0.336,111,463,408,52,137,18,1,10,187,61,0,3,44,1,8,62,10,0.458,0.408,0.866,40,0.317,0.0,29,100,112,0.89,7,0.71,3.87,0.123,72.1,0.298,6,144,67,74,3,0.475,21.5,1990.0,우투,우타,외야수
2022,4,이대호,롯데,0.331,142,591,540,53,179,23,0,23,271,101,0,6,43,7,2,56,26,0.502,0.379,0.881,53,0.318,0.2,46,150,161,0.93,9,0.77,3.58,0.17,90.5,0.296,8,144,64,76,4,0.457,24.0,1982.0,우투,우타,내야수
2022,5,나성범,KIA,0.32,144,649,563,92,180,39,2,21,286,97,0,5,64,6,17,137,7,0.508,0.402,0.91,54,0.316,0.0,62,117,134,0.87,9,0.47,3.75,0.188,110.9,0.308,5,144,70,73,1,0.49,19.5,1989.0,좌투,좌타,외야수
2022,6,김혜성,키움,0.318,129,566,516,81,164,18,7,4,208,48,0,3,47,3,0,83,9,0.403,0.373,0.776,43,0.295,0.0,29,165,107,1.54,5,0.57,3.87,0.085,78.5,0.269,3,144,80,62,2,0.563,9.0,1999.0,우투,좌타,내야수
2022,7,문보경,LG,0.315,126,466,406,52,128,22,3,9,183,56,5,7,47,1,1,56,11,0.451,0.382,0.833,35,0.287,0.25,34,124,105,1.18,7,0.84,3.73,0.135,69.7,0.285,2,144,87,55,2,0.613,2.0,2000.0,우투,좌타,내야수
2022,9,페르난데스,두산,0.309,139,550,508,52,157,28,0,6,203,77,0,5,35,0,2,45,34,0.4,0.353,0.753,43,0.343,0.5,34,194,117,1.66,4,0.78,3.78,0.091,60.2,0.259,9,144,60,82,2,0.423,29.0,1988.0,우투,좌타,내야수
2022,10,조용호,KT,0.308,131,531,474,52,146,18,4,3,181,44,2,3,49,3,3,74,3,0.382,0.374,0.756,39,0.293,0.2,25,134,123,1.09,9,0.66,3.97,0.074,68.9,0.264,4,144,80,62,2,0.563,9.0,1989.0,우투,좌타,외야수
2022,11,한동희,롯데,0.307,129,499,456,43,140,27,0,14,209,65,0,4,33,2,6,64,15,0.458,0.359,0.817,41,0.278,0.444,41,154,102,1.51,4,0.52,3.52,0.151,69.2,0.276,8,144,64,76,4,0.457,24.0,1999.0,우투,우타,내야수
2022,12,전준우,롯데,0.304,120,517,470,73,143,31,1,11,209,68,0,9,35,1,3,73,14,0.445,0.35,0.795,45,0.285,0.25,43,146,117,1.25,7,0.48,3.57,0.14,70.3,0.269,8,144,64,76,4,0.457,24.0,1986.0,우투,우타,외야수
2022,13,최지훈,SSG,0.304,144,640,569,93,173,32,4,10,243,61,13,4,47,0,7,77,7,0.427,0.362,0.789,43,0.362,1.0,46,151,172,0.88,9,0.61,3.63,0.123,90.0,0.27,1,144,88,52,4,0.629,0.0,1997.0,우투,좌타,외야수
2022,8,소크라테스,KIA,0.311,127,554,514,83,160,29,7,17,254,77,0,4,34,4,2,81,11,0.494,0.354,0.848,47,0.296,0.0,53,125,152,0.82,8,0.42,3.65,0.183,82.8,0.283,5,144,70,73,1,0.49,19.5,1992.0,좌투,좌타,외야수
2022,15,마티니,NC,0.296,139,576,510,67,151,34,1,16,235,85,0,7,51,5,8,86,8,0.461,0.365,0.826,42,0.306,1.0,51,123,157,0.78,6,0.59,3.81,0.165,85.7,0.28,6,144,67,74,3,0.475,21.5,1990.0,좌투,좌타,외야수
2022,14,박성한,SSG,0.298,140,564,494,68,147,24,4,2,185,56,6,2,60,1,2,81,5,0.374,0.375,0.749,35,0.31,0.0,30,156,112,1.39,7,0.74,3.99,0.077,70.7,0.262,1,144,88,52,4,0.629,0.0,1998.0,우투,좌타,내야수
2022,24,양의지,NC,0.283,130,510,427,61,121,24,0,20,205,94,0,10,60,6,13,48,16,0.48,0.38,0.86,28,0.35,0.667,44,105,163,0.64,12,1.25,3.63,0.197,78.9,0.291,6,144,67,74,3,0.475,21.5,1987.0,우투,우타,내야수
2022,23,안치홍,롯데,0.284,132,562,493,71,140,27,3,14,215,58,8,5,51,4,5,52,13,0.436,0.354,0.79,38,0.222,0.333,44,152,154,0.99,7,0.98,3.85,0.152,75.2,0.268,8,144,64,76,4,0.457,24.0,1990.0,우투,우타,내야수
2022,22,홍창기,LG,0.286,118,525,437,76,125,19,4,1,155,51,5,5,59,0,19,75,11,0.355,0.39,0.745,34,0.385,0.0,24,154,88,1.75,8,0.79,4.1,0.069,66.7,0.264,2,144,87,55,2,0.613,2.0,1993.0,우투,좌타,외야수
2022,21,김현수,LG,0.286,141,604,524,78,150,25,2,23,248,106,0,3,71,7,5,62,5,0.473,0.375,0.848,43,0.275,0.0,50,145,170,0.85,17,1.15,3.76,0.187,93.6,0.287,2,144,87,55,2,0.613,2.0,1988.0,우투,좌타,외야수
2022,25,노시환,한화,0.281,115,490,434,55,122,24,1,6,166,59,0,4,48,1,4,95,13,0.382,0.355,0.737,33,0.322,1.0,31,119,102,1.17,5,0.51,3.91,0.101,58.3,0.255,10,144,46,96,2,0.324,43.0,2000.0,우투,우타,내야수
2022,19,터크먼,한화,0.289,144,648,575,88,166,37,4,12,247,43,0,2,64,5,7,104,12,0.43,0.366,0.796,47,0.216,0.0,53,150,157,0.96,2,0.62,4.0,0.141,86.8,0.272,10,144,46,96,2,0.324,43.0,1990.0,좌투,좌타,외야수
2022,18,허경민,두산,0.289,121,493,432,59,125,23,0,8,172,60,2,7,36,3,16,40,12,0.398,0.36,0.758,33,0.317,0.0,31,141,133,1.06,8,0.9,3.83,0.109,63.6,0.262,9,144,60,82,2,0.423,29.0,1990.0,우투,우타,내야수
2022,17,박해민,LG,0.289,144,636,570,97,165,20,8,3,210,49,7,6,44,0,9,85,4,0.368,0.347,0.715,42,0.333,0.0,31,158,168,0.94,9,0.52,4.01,0.079,78.4,0.248,2,144,87,55,2,0.613,2.0,1990.0,우투,좌타,내야수
2022,16,채은성,LG,0.296,126,526,467,48,138,26,2,12,204,83,0,11,27,3,21,88,16,0.437,0.354,0.791,31,0.279,0.0,40,115,137,0.84,11,0.31,3.71,0.141,69.8,0.269,2,144,87,55,2,0.613,2.0,1990.0,우투,우타,내야수
2022,20,김선빈,KIA,0.287,140,587,505,51,145,23,0,3,177,61,7,3,65,0,6,47,14,0.35,0.373,0.723,40,0.265,0.333,26,182,134,1.36,6,1.38,3.96,0.063,69.7,0.255,5,144,70,73,1,0.49,19.5,1989.0,우투,우타,내야수
2023,50,김재환,두산,0.22,132,484,405,40,89,15,0,10,134,46,0,2,72,4,5,100,8,0.331,0.343,0.674,21,0.264,0.214,25,96,122,0.79,7,0.72,4.02,0.111,51.8,0.237,5,144,74,68,2,0.521,12.0,1988.0,우투,좌타,외야수
2023,28,박해민,LG,0.285,144,558,485,80,138,14,2,6,174,59,24,1,45,0,3,74,7,0.359,0.348,0.707,33,0.313,0.5,22,124,150,0.83,3,0.61,3.9,0.074,62.9,0.246,1,144,86,56,2,0.606,0.0,1990.0,우투,좌타,내야수
2023,29,박병호,KT,0.283,132,493,431,53,122,15,0,18,191,87,0,8,46,2,8,114,9,0.443,0.357,0.8,31,0.34,0.25,33,96,107,0.9,14,0.4,3.85,0.16,70.7,0.271,2,144,79,62,3,0.56,6.5,1986.0,우투,우타,내야수
2023,30,마틴,NC,0.283,118,503,435,55,123,20,2,17,198,90,0,10,57,2,1,107,8,0.455,0.36,0.815,33,0.317,0.0,39,85,130,0.65,10,0.53,4.1,0.172,76.0,0.276,4,144,75,67,2,0.528,11.0,1995.0,우투,좌타,외야수
2023,31,양석환,두산,0.281,140,582,524,73,147,28,0,21,238,89,0,11,41,3,6,133,9,0.454,0.333,0.787,40,0.261,0.0,49,86,169,0.51,14,0.31,3.98,0.174,81.6,0.263,5,144,74,68,2,0.521,12.0,1991.0,우투,우타,내야수
2023,32,김현준,삼성,0.275,109,479,433,62,119,10,6,3,150,46,8,3,30,0,5,84,5,0.346,0.327,0.673,28,0.288,0.0,19,145,88,1.65,5,0.36,3.9,0.072,49.6,0.234,8,144,61,82,1,0.427,25.5,2002.0,좌투,좌타,외야수
2023,33,김상수,KT,0.271,129,512,443,58,120,19,1,3,150,56,8,3,55,0,3,68,9,0.339,0.353,0.692,30,0.336,0.5,23,128,130,0.98,6,0.81,4.2,0.068,54.7,0.244,2,144,79,62,3,0.56,6.5,1990.0,우투,우타,내야수
2023,34,최지훈,SSG,0.268,117,503,462,65,124,19,8,2,165,30,8,1,29,0,3,50,3,0.357,0.315,0.672,31,0.223,0.0,29,124,165,0.75,4,0.58,3.65,0.089,55.2,0.231,3,144,76,65,3,0.539,9.5,1997.0,우투,좌타,외야수
2023,35,류지혁,삼성,0.268,132,522,455,63,122,11,1,2,141,45,10,5,46,1,6,73,12,0.31,0.34,0.65,35,0.271,0.167,14,161,104,1.55,1,0.63,3.8,0.042,54.7,0.231,8,144,61,82,1,0.427,25.5,1994.0,우투,좌타,내야수
2023,36,허경민,두산,0.268,130,475,429,44,115,23,1,7,161,48,0,5,35,3,6,26,6,0.375,0.328,0.703,26,0.224,0.667,31,129,164,0.79,6,1.35,3.73,0.107,55.2,0.241,5,144,74,68,2,0.521,12.0,1990.0,우투,우타,내야수
2023,37,오지환,LG,0.268,126,502,422,65,113,24,3,8,167,62,4,4,64,0,8,82,4,0.396,0.371,0.767,25,0.298,0.333,35,108,123,0.88,11,0.78,4.03,0.128,67.7,0.266,1,144,86,56,2,0.606,0.0,1990.0,우투,좌타,내야수
2023,27,소크라테스,KIA,0.285,142,608,547,91,156,31,3,20,253,96,0,8,52,4,1,80,13,0.463,0.344,0.807,41,0.303,0.0,54,136,183,0.74,6,0.65,3.58,0.177,86.0,0.271,6,144,73,69,2,0.514,13.0,1992.0,좌투,좌타,외야수
2023,39,박성한,SSG,0.266,128,529,459,53,122,19,0,9,168,47,7,4,58,1,1,56,7,0.366,0.347,0.713,30,0.254,0.0,28,140,145,0.97,7,1.04,4.02,0.1,62.4,0.248,3,144,76,65,3,0.539,9.5,1998.0,우투,좌타,내야수
2023,40,강승호,두산,0.265,127,459,419,51,111,18,6,7,162,59,4,3,27,0,6,110,12,0.387,0.316,0.703,24,0.273,0.167,31,108,93,1.16,5,0.25,3.94,0.122,49.2,0.239,5,144,74,68,2,0.521,12.0,1994.0,우투,우타,내야수
2023,41,채은성,한화,0.263,137,596,521,71,137,17,0,23,223,84,0,3,52,8,20,102,16,0.428,0.351,0.779,39,0.311,0.0,40,118,167,0.71,10,0.51,3.81,0.165,77.4,0.265,9,144,58,80,6,0.42,26.0,1990.0,우투,우타,내야수
2023,42,김민석,롯데,0.255,129,454,400,53,102,24,0,3,135,39,12,5,31,1,6,112,6,0.338,0.314,0.652,25,0.274,0.0,27,99,92,1.08,2,0.28,3.97,0.083,45.9,0.226,7,144,68,76,0,0.472,19.0,2004.0,우투,좌타,외야수
2023,43,추신수,SSG,0.254,112,462,382,65,97,17,1,12,152,41,0,2,65,1,13,79,8,0.398,0.379,0.777,24,0.26,0.3,30,105,103,1.02,3,0.82,3.94,0.144,61.8,0.27,3,144,76,65,3,0.539,9.5,1982.0,좌투,좌타,외야수
2023,44,로하스,두산,0.253,122,464,403,52,102,24,4,19,191,65,0,3,55,2,3,68,5,0.474,0.345,0.819,28,0.255,0.0,47,71,165,0.43,6,0.81,4.11,0.221,67.1,0.274,5,144,74,68,2,0.521,12.0,1990.0,우투,양타,외야수
2023,45,박동원,LG,0.249,130,481,409,54,102,17,1,20,181,75,8,8,49,3,7,90,7,0.443,0.334,0.777,27,0.212,0.333,38,118,107,1.1,8,0.54,3.83,0.193,64.9,0.261,1,144,86,56,2,0.606,0.0,1990.0,우투,우타,내야수
2023,46,이재현,삼성,0.249,143,538,458,61,114,19,2,12,173,60,16,6,52,0,6,89,9,0.378,0.33,0.708,24,0.24,0.0,33,116,145,0.8,9,0.58,4.01,0.129,60.7,0.243,8,144,61,82,1,0.427,25.5,2003.0,우투,우타,내야수
2023,47,최주환,SSG,0.235,134,478,426,48,100,24,0,20,184,63,1,3,44,4,4,94,6,0.432,0.31,0.742,22,0.212,0.286,44,88,147,0.6,7,0.47,4.26,0.197,58.9,0.248,3,144,76,65,3,0.539,9.5,1988.0,우투,좌타,내야수
2023,48,김주원,NC,0.233,127,474,403,56,94,9,2,10,137,54,8,4,44,1,15,106,6,0.34,0.328,0.668,21,0.267,0.0,21,90,117,0.77,6,0.42,4.11,0.107,52.1,0.233,4,144,75,67,2,0.528,11.0,2002.0,우투,양타,내야수
2023,49,정은원,한화,0.222,122,459,388,50,86,12,0,2,104,30,5,1,62,1,3,73,4,0.268,0.333,0.601,16,0.214,0.0,14,111,119,0.93,1,0.85,4.26,0.046,41.0,0.217,9,144,58,80,6,0.42,26.0,2000.0,우투,좌타,내야수
2023,38,문현빈,한화,0.266,137,481,428,47,114,22,2,5,155,49,9,5,33,2,6,84,7,0.362,0.324,0.686,31,0.252,0.25,29,122,113,1.08,4,0.39,3.56,0.096,52.0,0.236,9,144,58,80,6,0.42,26.0,2004.0,우투,좌타,내야수
2023,26,피렐라,삼성,0.285,139,605,557,66,159,28,1,16,237,80,0,2,42,5,4,69,20,0.425,0.339,0.764,43,0.253,0.0,45,164,167,0.98,8,0.61,3.61,0.14,73.2,0.259,8,144,61,82,1,0.427,25.5,1989.0,우투,우타,내야수
2023,14,문보경,LG,0.301,131,542,469,77,141,29,5,10,210,72,9,4,58,2,2,83,5,0.448,0.377,0.825,39,0.281,0.25,44,125,124,1.01,11,0.7,3.87,0.147,78.1,0.282,1,144,86,56,2,0.606,0.0,2000.0,우투,좌타,내야수
2023,24,장성우,KT,0.288,131,464,410,37,118,22,0,11,173,65,3,7,42,1,2,70,12,0.422,0.351,0.773,36,0.267,0.25,33,91,138,0.66,4,0.6,3.85,0.134,60.3,0.263,2,144,79,62,3,0.56,6.5,1990.0,우투,우타,내야수
2023,25,정수빈,두산,0.287,137,583,498,75,143,14,11,2,185,33,12,2,64,1,7,63,2,0.371,0.375,0.746,42,0.253,0.5,27,179,115,1.56,4,1.02,4.21,0.084,78.9,0.262,5,144,74,68,2,0.521,12.0,1990.0,좌투,좌타,외야수
2023,1,손아섭,NC,0.339,140,609,551,97,187,36,3,5,244,65,1,5,50,2,2,67,10,0.443,0.393,0.836,54,0.339,0.333,44,181,121,1.5,5,0.75,3.74,0.103,91.7,0.288,4,144,75,67,2,0.528,11.0,1988.0,우투,좌타,외야수
2023,2,구자욱,삼성,0.336,119,515,453,65,152,37,1,11,224,71,2,3,53,2,4,81,5,0.494,0.407,0.901,50,0.395,0.0,49,97,126,0.77,8,0.65,4.04,0.159,86.7,0.307,8,144,61,82,1,0.427,25.5,1993.0,우투,좌타,내야수
2023,3,김혜성,키움,0.335,137,621,556,104,186,29,6,7,248,57,0,5,57,3,3,77,6,0.446,0.396,0.842,50,0.314,0.0,42,135,163,0.83,7,0.74,3.77,0.112,98.6,0.29,10,144,58,83,3,0.411,27.5,1999.0,우투,좌타,내야수
2023,4,홍창기,LG,0.332,141,643,524,109,174,35,2,1,216,65,3,6,88,3,22,83,6,0.412,0.444,0.856,58,0.361,0.5,38,158,115,1.37,5,1.06,4.14,0.08,98.6,0.303,1,144,86,56,2,0.606,0.0,1993.0,우투,좌타,외야수
2023,5,에레디아,SSG,0.323,122,523,473,76,153,29,0,12,218,76,1,1,39,4,9,75,13,0.461,0.385,0.846,43,0.338,0.0,41,117,129,0.91,12,0.52,3.6,0.137,75.9,0.289,3,144,76,65,3,0.539,9.5,1991.0,좌투,우타,외야수
2023,7,박건우,NC,0.319,130,533,458,70,146,34,2,12,220,85,1,9,56,0,9,71,14,0.48,0.397,0.877,49,0.304,0.0,48,103,147,0.7,10,0.79,3.78,0.162,84.1,0.299,4,144,75,67,2,0.528,11.0,1990.0,우투,우타,외야수
2023,8,박민우,NC,0.316,124,509,452,76,143,20,7,2,183,46,5,3,40,3,9,57,13,0.405,0.381,0.786,39,0.309,0.0,29,140,115,1.22,6,0.7,3.77,0.088,68.6,0.273,4,144,75,67,2,0.528,11.0,1993.0,우투,좌타,내야수
2023,9,오스틴,LG,0.313,139,583,520,87,163,29,4,23,269,95,0,7,53,2,3,75,11,0.517,0.376,0.893,43,0.299,0.5,56,107,182,0.59,15,0.71,3.78,0.204,96.6,0.298,1,144,86,56,2,0.606,0.0,1993.0,우투,우타,내야수
2023,10,전준우,롯데,0.312,138,559,493,80,154,21,3,17,232,77,0,7,52,4,7,65,12,0.471,0.381,0.852,45,0.29,0.3,41,127,154,0.82,10,0.8,3.77,0.158,87.0,0.289,7,144,68,76,0,0.472,19.0,1986.0,우투,우타,외야수
2023,11,양의지,두산,0.305,129,510,439,56,134,23,0,17,208,68,0,3,57,8,11,56,20,0.474,0.396,0.87,31,0.315,0.667,40,87,165,0.53,6,1.02,3.73,0.169,77.7,0.297,5,144,74,68,2,0.521,12.0,1987.0,우투,우타,내야수
2023,6,김선빈,KIA,0.32,119,473,419,41,134,16,0,0,150,48,8,3,38,0,5,26,10,0.358,0.381,0.739,36,0.333,0.0,16,158,104,1.52,8,1.46,3.72,0.038,57.2,0.261,6,144,73,69,2,0.514,13.0,1989.0,우투,우타,내야수
2023,13,박찬호,KIA,0.301,130,507,452,73,136,18,4,3,171,52,7,6,40,0,2,56,13,0.378,0.356,0.734,42,0.355,0.0,25,129,137,0.94,4,0.71,3.97,0.077,62.9,0.255,6,144,73,69,2,0.514,13.0,1973.0,우투,우타,내야수
2023,15,노시환,한화,0.298,131,595,514,85,153,30,1,31,278,101,0,3,74,5,4,118,13,0.541,0.388,0.929,47,0.299,0.0,62,120,126,0.95,13,0.63,4.16,0.243,101.8,0.31,9,144,58,80,6,0.42,26.0,2000.0,우투,우타,내야수
2023,16,최정,SSG,0.297,128,552,471,94,140,31,0,29,258,87,1,6,59,6,15,87,12,0.548,0.388,0.936,39,0.264,0.0,60,84,166,0.51,13,0.68,3.88,0.251,96.3,0.312,3,144,76,65,3,0.539,9.5,1987.0,우투,우타,내야수
2023,17,김민혁,KT,0.297,113,448,397,68,118,20,3,3,153,41,7,5,36,0,3,48,4,0.385,0.356,0.741,33,0.284,0.286,26,136,100,1.36,8,0.75,3.63,0.088,57.0,0.256,2,144,79,62,3,0.56,6.5,1995.0,우투,좌타,외야수
2023,18,황재균,KT,0.295,109,457,407,62,120,26,2,6,168,49,3,1,45,1,1,64,15,0.413,0.366,0.779,35,0.314,0.0,34,96,128,0.75,7,0.7,3.86,0.118,56.2,0.268,2,144,79,62,3,0.56,6.5,1987.0,우투,우타,내야수
2023,19,문성주,LG,0.294,136,534,449,77,132,21,4,2,167,57,6,4,67,0,8,34,10,0.372,0.392,0.764,31,0.297,0.375,27,168,119,1.41,5,1.97,3.79,0.078,69.2,0.269,1,144,86,56,2,0.606,0.0,1997.0,좌투,좌타,외야수
2023,20,김현수,LG,0.293,133,556,488,53,143,22,2,6,187,88,1,8,58,4,1,53,10,0.383,0.364,0.747,43,0.348,0.25,30,148,152,0.97,10,1.09,3.85,0.09,70.6,0.26,1,144,86,56,2,0.606,0.0,1988.0,우투,좌타,외야수
2023,21,안치홍,롯데,0.292,121,494,425,57,124,20,1,8,170,63,5,5,49,3,10,53,14,0.4,0.374,0.774,36,0.355,0.167,29,113,140,0.81,6,0.92,3.95,0.108,63.2,0.268,7,144,68,76,0,0.472,19.0,1990.0,우투,우타,내야수
2023,22,강민호,삼성,0.29,125,495,434,60,126,19,0,16,193,77,1,5,49,4,6,65,17,0.445,0.366,0.811,32,0.301,0.0,35,128,120,1.07,8,0.75,3.64,0.154,68.7,0.276,8,144,61,82,1,0.427,25.5,1985.0,우투,우타,내야수
2023,23,알포드,KT,0.289,133,547,491,83,142,31,3,15,224,70,0,3,47,1,6,140,6,0.456,0.356,0.812,43,0.303,0.667,49,77,135,0.57,11,0.34,4.02,0.167,79.6,0.274,2,144,79,62,3,0.56,6.5,1994.0,우투,우타,외야수
2023,12,최형우,KIA,0.302,121,508,431,64,130,27,1,17,210,81,0,4,65,1,8,83,5,0.487,0.4,0.887,35,0.317,0.667,45,85,137,0.62,14,0.78,4.02,0.186,84.1,0.302,6,144,73,69,2,0.514,13.0,1984.0,우투,좌타,외야수
2024,39,최지훈,SSG,0.275,125,543,483,89,133,22,7,11,202,49,6,2,50,0,2,71,5,0.418,0.345,0.763,39,0.245,0.2,40,117,164,0.71,4,0.7,4.05,0.143,74.4,0.26,6,144,72,70,2,0.507,15.0,1997.0,우투,좌타,외야수
2024,38,최형우,KIA,0.28,116,487,425,67,119,23,2,22,212,109,0,5,52,4,5,86,5,0.499,0.361,0.86,34,0.331,0.4,47,99,126,0.79,12,0.6,4.04,0.219,77.0,0.287,1,144,87,55,2,0.613,0.0,1984.0,우투,좌타,외야수
2024,37,강승호,두산,0.28,140,566,521,81,146,34,7,18,248,81,2,4,32,4,7,158,8,0.476,0.328,0.804,39,0.29,0.2,59,97,124,0.78,9,0.2,3.78,0.196,78.9,0.267,4,144,74,68,2,0.521,13.0,1994.0,우투,우타,내야수
2024,36,김재환,두산,0.283,136,552,474,78,134,28,0,29,249,92,0,9,63,3,6,168,8,0.525,0.368,0.893,30,0.259,0.667,57,65,116,0.56,7,0.38,4.02,0.243,91.9,0.297,4,144,74,68,2,0.521,13.0,1988.0,우투,좌타,외야수
2024,31,김태연,한화,0.291,126,472,413,59,120,24,0,12,180,61,6,4,45,0,4,89,9,0.436,0.363,0.799,33,0.295,0.0,36,100,108,0.93,3,0.51,3.92,0.145,64.8,0.272,8,144,66,76,2,0.465,21.0,1997.0,우투,우타,외야수
2024,34,서호철,NC,0.285,141,567,512,68,146,19,3,10,201,61,6,3,30,0,16,101,15,0.393,0.342,0.735,38,0.243,0.0,32,141,127,1.11,4,0.3,3.78,0.107,65.1,0.252,9,144,61,81,2,0.43,26.0,1996.0,우투,우타,내야수
2024,33,이우성,KIA,0.288,112,449,399,56,115,16,1,9,160,54,0,3,44,0,3,89,17,0.401,0.361,0.762,27,0.266,1.0,26,108,90,1.2,7,0.49,4.0,0.113,55.5,0.263,1,144,87,55,2,0.613,0.0,1994.0,우투,우타,외야수
2024,32,강백호,KT,0.289,144,614,550,92,159,27,0,26,264,96,0,2,59,4,3,127,6,0.48,0.36,0.84,43,0.28,0.25,53,139,127,1.09,9,0.46,4.0,0.191,93.4,0.282,5,144,72,70,2,0.507,15.0,1999.0,우투,좌타,내야수
2024,30,최정,SSG,0.291,129,550,468,93,136,27,2,37,278,107,0,7,55,1,20,114,10,0.594,0.384,0.978,39,0.284,0.0,66,75,150,0.5,14,0.48,3.84,0.303,103.9,0.321,6,144,72,70,2,0.507,15.0,1987.0,우투,우타,내야수
2024,40,배정대,KT,0.275,113,473,404,49,111,25,1,7,159,59,8,7,50,1,4,114,5,0.394,0.355,0.749,30,0.302,1.0,33,86,100,0.86,3,0.44,4.0,0.119,59.5,0.258,5,144,72,70,2,0.507,15.0,1995.0,우투,우타,외야수
2024,35,정수빈,두산,0.284,136,608,510,95,145,21,3,4,184,47,10,8,71,1,9,72,8,0.361,0.376,0.737,42,0.248,0.0,28,160,141,1.13,4,0.99,4.1,0.076,81.8,0.259,4,144,74,68,2,0.521,13.0,1990.0,좌투,좌타,외야수
2024,41,페라자,한화,0.275,122,522,455,75,125,24,0,24,221,70,0,2,63,5,2,129,6,0.486,0.364,0.85,34,0.308,0.286,48,103,100,1.03,7,0.49,3.96,0.211,79.4,0.285,8,144,66,76,2,0.465,21.0,1998.0,우투,양타,외야수
2024,52,최주환,키움,0.257,130,544,482,49,124,23,1,13,188,84,0,9,47,2,6,92,12,0.39,0.325,0.715,36,0.308,0.0,37,108,167,0.65,7,0.51,4.08,0.133,63.3,0.244,10,144,58,86,0,0.403,30.0,1988.0,우투,좌타,내야수
2024,43,노시환,한화,0.272,136,601,526,88,143,20,2,24,239,89,0,4,60,9,11,129,10,0.454,0.356,0.81,35,0.314,0.0,46,114,144,0.79,6,0.47,3.99,0.183,86.2,0.274,8,144,66,76,2,0.465,21.0,2000.0,우투,우타,내야수
2024,44,채은성,한화,0.271,124,498,436,61,118,24,0,20,202,83,0,5,49,1,8,83,12,0.463,0.351,0.814,29,0.27,0.0,44,100,140,0.71,7,0.59,3.81,0.193,70.4,0.274,8,144,66,76,2,0.465,21.0,1990.0,우투,우타,내야수
2024,45,장성우,KT,0.268,131,489,418,53,112,19,0,19,188,81,2,8,60,1,1,86,8,0.45,0.355,0.805,30,0.271,0.133,38,90,138,0.65,14,0.7,4.09,0.182,71.4,0.272,5,144,72,70,2,0.507,15.0,1990.0,우투,우타,내야수
2024,46,이주형,키움,0.266,115,537,473,82,126,19,3,13,190,60,0,1,49,1,14,119,4,0.402,0.352,0.754,36,0.267,0.0,35,111,118,0.94,5,0.41,3.79,0.135,70.1,0.259,10,144,58,86,0,0.403,30.0,2002.0,좌투,좌타,내야수
2024,47,박해민,LG,0.263,144,553,482,72,127,16,6,6,173,56,5,9,46,0,11,101,3,0.359,0.336,0.695,35,0.233,0.25,28,102,161,0.63,4,0.46,4.08,0.095,68.5,0.241,3,144,76,66,2,0.535,11.0,1990.0,우투,좌타,내야수
2024,48,박승욱,롯데,0.262,139,468,405,57,106,19,1,7,148,53,3,3,47,3,10,120,7,0.365,0.351,0.716,27,0.246,0.0,27,98,84,1.17,6,0.39,3.88,0.104,53.3,0.249,7,144,66,74,4,0.471,20.0,1992.0,우투,좌타,내야수
2024,49,이재현,삼성,0.26,109,458,389,71,101,18,1,14,163,66,0,3,58,1,8,83,8,0.419,0.365,0.784,27,0.33,0.25,33,87,121,0.72,5,0.7,4.38,0.159,62.1,0.269,2,144,78,64,2,0.549,9.0,2003.0,우투,우타,내야수
2024,50,황재균,KT,0.26,137,536,493,60,128,22,0,13,189,58,5,2,34,0,2,95,16,0.383,0.309,0.692,34,0.238,0.2,35,113,159,0.71,5,0.36,3.84,0.124,53.5,0.235,5,144,72,70,2,0.507,15.0,1987.0,우투,우타,내야수
2024,51,김휘집,NC,0.258,140,562,488,78,126,24,1,16,200,73,4,8,52,1,10,119,16,0.41,0.337,0.747,33,0.282,0.0,41,91,160,0.57,8,0.44,4.14,0.152,68.3,0.254,9,144,61,81,2,0.43,26.0,2002.0,우투,우타,내야수
2024,29,최원준,KIA,0.292,136,508,438,75,128,23,3,9,184,56,7,5,50,0,8,66,6,0.42,0.371,0.791,37,0.301,0.286,35,127,122,1.04,8,0.76,4.01,0.128,71.2,0.272,1,144,87,55,2,0.613,0.0,1997.0,우투,좌타,외야수
2024,53,김영웅,삼성,0.252,126,509,456,65,115,16,3,28,221,79,1,4,45,0,3,155,2,0.485,0.321,0.806,26,0.31,0.167,47,78,112,0.7,8,0.29,3.83,0.232,75.1,0.266,2,144,78,64,2,0.549,9.0,2003.0,우투,좌타,내야수
2024,54,김주원,NC,0.252,134,475,385,61,97,18,2,9,146,49,9,5,51,1,25,111,5,0.379,0.371,0.75,26,0.243,0.0,29,72,110,0.65,3,0.46,4.07,0.127,62.3,0.262,9,144,61,81,2,0.43,26.0,2002.0,우투,양타,내야수
2024,42,박동원,LG,0.272,130,498,434,58,118,22,0,20,200,80,2,7,55,2,0,112,14,0.461,0.349,0.81,25,0.27,0.5,42,107,104,1.03,4,0.49,4.04,0.189,69.5,0.272,3,144,76,66,2,0.535,11.0,1990.0,우투,우타,내야수
2024,28,전준우,롯데,0.293,109,483,423,57,124,26,2,17,205,82,1,5,49,0,5,84,11,0.485,0.369,0.854,37,0.243,0.0,45,102,118,0.86,5,0.58,3.83,0.191,73.6,0.287,7,144,66,74,4,0.471,20.0,1986.0,우투,우타,외야수
2024,16,허경민,두산,0.309,115,477,417,69,129,28,0,7,178,61,0,6,36,0,18,25,8,0.427,0.384,0.811,38,0.296,0.5,35,125,144,0.87,4,1.44,3.69,0.118,69.3,0.28,4,144,74,68,2,0.521,13.0,1990.0,우투,우타,내야수
2024,26,김현수,LG,0.294,137,583,517,61,152,36,2,8,216,69,1,9,47,1,9,76,10,0.418,0.357,0.775,44,0.257,0.25,46,125,173,0.72,10,0.62,3.73,0.124,78.4,0.265,3,144,76,66,2,0.535,11.0,1988.0,우투,좌타,외야수
2024,55,양석환,두산,0.246,142,593,533,83,131,25,1,34,260,107,1,3,49,1,7,128,15,0.488,0.316,0.804,34,0.286,0.667,60,96,181,0.53,10,0.38,4.05,0.242,80.8,0.264,4,144,74,68,2,0.521,13.0,1991.0,우투,우타,내야수
2024,1,에레디아,SSG,0.36,136,591,541,82,195,31,1,21,291,118,0,9,28,3,13,73,12,0.538,0.399,0.937,59,0.428,0.0,53,128,154,0.83,13,0.38,3.46,0.177,105.2,0.314,6,144,72,70,2,0.507,15.0,1991.0,좌투,우타,외야수
2024,2,레이예스,롯데,0.352,144,632,574,88,202,40,3,15,293,111,0,11,46,2,1,82,16,0.51,0.394,0.904,61,0.395,0.0,58,168,133,1.26,13,0.56,3.87,0.159,106.2,0.305,7,144,66,74,4,0.471,20.0,1994.0,우투,양타,외야수
2024,3,김도영,KIA,0.347,141,625,544,143,189,29,10,38,352,109,1,7,66,7,7,110,10,0.647,0.42,1.067,58,0.317,0.5,77,101,151,0.67,15,0.6,3.81,0.3,138.2,0.351,1,144,87,55,2,0.613,0.0,2003.0,우투,우타,내야수
2024,4,구자욱,삼성,0.343,129,568,493,92,169,39,1,33,309,115,2,6,55,4,12,73,6,0.627,0.417,1.044,52,0.341,0.0,73,128,129,0.99,12,0.75,3.8,0.284,118.5,0.344,2,144,78,64,2,0.549,9.0,1993.0,우투,좌타,내야수
2024,5,송성문,키움,0.34,142,602,527,88,179,29,4,19,273,104,0,8,64,2,3,82,5,0.518,0.409,0.927,47,0.372,0.333,52,136,138,0.99,11,0.78,3.88,0.178,111.4,0.314,10,144,58,86,0,0.403,30.0,1996.0,우투,좌타,내야수
2024,6,홍창기,LG,0.336,139,637,524,96,176,18,3,5,215,73,1,4,96,3,12,93,8,0.41,0.447,0.857,51,0.389,1.0,26,159,100,1.59,6,1.03,4.14,0.074,99.5,0.304,3,144,76,66,2,0.535,11.0,1993.0,우투,좌타,외야수
2024,7,로하스,KT,0.329,144,670,572,108,188,39,1,32,325,112,0,4,88,9,6,115,10,0.568,0.421,0.989,54,0.313,0.0,72,112,161,0.7,12,0.77,4.0,0.24,126.7,0.331,5,144,72,70,2,0.507,15.0,1990.0,우투,양타,외야수
2024,8,김선빈,KIA,0.329,116,466,423,48,139,23,0,9,189,57,7,0,30,0,5,39,13,0.447,0.38,0.827,42,0.35,0.5,32,139,106,1.31,4,0.77,3.8,0.118,65.1,0.283,1,144,87,55,2,0.613,0.0,1989.0,우투,우타,내야수
2024,9,박민우,NC,0.328,121,528,457,75,150,26,2,8,204,50,4,4,54,4,9,79,5,0.446,0.406,0.852,43,0.314,0.0,36,106,126,0.84,3,0.68,3.9,0.118,85.4,0.294,9,144,61,81,2,0.43,26.0,1993.0,우투,좌타,내야수
2024,10,김혜성,키움,0.326,127,567,509,90,166,26,4,11,233,75,0,7,47,2,4,62,6,0.458,0.383,0.841,49,0.377,0.0,41,132,156,0.85,9,0.76,3.82,0.132,90.9,0.287,10,144,58,86,0,0.403,30.0,1999.0,우투,좌타,내야수
2024,11,오스틴,LG,0.319,140,604,527,99,168,32,3,32,302,132,0,13,61,6,3,82,9,0.573,0.384,0.957,49,0.329,0.0,67,100,190,0.53,14,0.74,3.78,0.254,112.1,0.316,3,144,76,66,2,0.535,11.0,1993.0,우투,우타,내야수
2024,12,김지찬,삼성,0.316,135,535,453,102,143,16,3,3,174,36,12,1,60,2,9,40,5,0.384,0.405,0.789,38,0.24,0.333,22,153,118,1.3,3,1.5,3.78,0.068,79.8,0.278,2,144,78,64,2,0.549,9.0,2001.0,우투,좌타,외야수
2024,13,양의지,두산,0.314,119,485,430,57,135,18,1,17,206,94,0,6,40,5,9,56,13,0.479,0.379,0.858,37,0.393,0.5,36,96,149,0.64,15,0.71,3.71,0.165,74.6,0.29,4,144,74,68,2,0.521,13.0,1987.0,우투,우타,내야수
2024,14,나승엽,롯데,0.312,121,489,407,59,127,35,4,7,191,66,2,7,69,1,4,83,4,0.469,0.411,0.88,33,0.354,0.4,46,88,116,0.76,5,0.83,4.05,0.157,80.2,0.302,7,144,66,74,4,0.471,20.0,2002.0,우투,좌타,내야수
2024,15,소크라테스,KIA,0.31,140,602,552,92,171,30,3,26,285,97,0,5,41,4,4,91,7,0.516,0.359,0.875,49,0.336,0.0,59,125,170,0.74,9,0.45,3.66,0.207,98.1,0.291,1,144,87,55,2,0.613,0.0,1992.0,좌투,좌타,외야수
2024,17,고승민,롯데,0.308,120,532,481,79,148,27,6,14,229,87,1,8,41,0,1,78,10,0.476,0.358,0.834,42,0.307,0.667,47,124,139,0.89,6,0.53,3.85,0.168,78.9,0.28,7,144,66,74,4,0.471,20.0,2000.0,우투,좌타,내야수
2024,18,박찬호,KIA,0.307,134,577,515,86,158,24,1,5,199,61,7,6,48,1,1,44,9,0.386,0.363,0.749,49,0.359,0.5,30,165,154,1.07,7,1.09,3.76,0.08,72.2,0.26,1,144,87,55,2,0.613,0.0,1973.0,우투,우타,내야수
2024,19,데이비슨,NC,0.306,131,567,504,90,154,25,1,46,319,119,0,7,39,5,17,142,12,0.633,0.37,1.003,45,0.255,0.0,72,83,132,0.63,9,0.27,3.78,0.327,110.1,0.325,9,144,61,81,2,0.43,26.0,1991.0,우투,우타,내야수
2024,20,강민호,삼성,0.303,136,452,403,48,122,19,1,19,200,77,0,6,35,2,8,52,17,0.496,0.365,0.861,31,0.274,0.182,39,124,111,1.12,9,0.67,3.46,0.194,68.8,0.288,2,144,78,64,2,0.549,9.0,1985.0,우투,우타,내야수
2024,21,박성한,SSG,0.301,137,564,489,78,147,24,0,10,201,67,3,6,64,3,2,86,11,0.411,0.38,0.791,42,0.302,0.167,34,139,123,1.13,5,0.74,4.23,0.11,78.5,0.274,6,144,72,70,2,0.507,15.0,1998.0,우투,좌타,내야수
2024,22,문보경,LG,0.301,144,602,519,80,156,35,3,22,263,101,3,13,65,3,2,112,14,0.507,0.372,0.879,40,0.292,0.0,60,125,139,0.9,7,0.58,4.04,0.206,96.0,0.294,3,144,76,66,2,0.535,11.0,2000.0,우투,좌타,내야수
2024,23,권희동,NC,0.3,123,511,416,66,125,22,1,13,188,77,2,6,77,1,10,63,10,0.452,0.417,0.869,31,0.391,1.0,36,113,121,0.93,8,1.22,4.54,0.151,82.2,0.301,9,144,61,81,2,0.43,26.0,1990.0,우투,우타,외야수
2024,24,안치홍,한화,0.3,128,533,473,64,142,21,0,13,202,66,1,4,49,1,6,70,10,0.427,0.37,0.797,44,0.317,1.0,34,118,147,0.8,8,0.7,3.91,0.127,73.8,0.273,8,144,66,76,2,0.465,21.0,1990.0,우투,우타,내야수
2024,25,신민재,LG,0.297,128,474,387,78,115,11,6,0,138,40,15,3,64,1,5,47,7,0.357,0.401,0.758,32,0.306,0.333,17,145,83,1.75,3,1.36,3.73,0.059,63.0,0.27,3,144,76,66,2,0.535,11.0,1996.0,우투,좌타,내야수
2024,27,윤동희,롯데,0.293,141,613,532,97,156,35,4,14,241,85,2,5,67,1,7,114,10,0.453,0.376,0.829,43,0.319,0.25,53,134,133,1.01,6,0.59,4.26,0.16,88.3,0.282,7,144,66,74,4,0.471,20.0,2003.0,우투,우타,외야수
2024,56,한유섬,SSG,0.235,132,523,464,64,109,29,0,24,210,87,1,3,46,3,9,142,2,0.453,0.314,0.767,28,0.26,0.167,53,90,126,0.71,8,0.32,4.14,0.218,68.9,0.255,6,144,72,70,2,0.507,15.0,1989.0,우투,좌타,외야수
